{
    "ADBE": {
        "holdings": 0.022634163350510998,
        "cash": 0
    },
    "AMD": {
        "holdings": 0.0,
        "cash": 1000.0
    },
    "ABNB": {
        "holdings": 0.05512831100506774,
        "cash": 0
    },
    "ALNY": {
        "holdings": 0.0,
        "cash": 1000.0
    },
    "GOOGL": {
        "holdings": 0.021946067979968186,
        "cash": 0
    },
    "GOOG": {
        "holdings": 0.02191468674246722,
        "cash": 0
    },
    "AMZN": {
        "holdings": 0.032663725954449316,
        "cash": 0
    },
    "AEP": {
        "holdings": 0.0541119518670712,
        "cash": 0
    },
    "AMGN": {
        "holdings": 0,
        "cash": 1081.9805160428714
    },
    "ADI": {
        "holdings": 0.02126053675718291,
        "cash": 0
    },
    "AAPL": {
        "holdings": 0.023822285228754608,
        "cash": 0
    },
    "AMAT": {
        "holdings": 0.0,
        "cash": 1000.0
    },
    "APP": {
        "holdings": 0.0,
        "cash": 1000.0
    },
    "ARM": {
        "holdings": 0.0,
        "cash": 1000.0
    },
    "ASML": {
        "holdings": 0,
        "cash": 980.9918396388607
    },
    "TEAM": {
        "holdings": 0.0,
        "cash": 1000.0
    },
    "ADSK": {
        "holdings": 0.029313049647635994,
        "cash": 0
    },
    "ADP": {
        "holdings": 0.031401365472584895,
        "cash": 0
    },
    "AXON": {
        "holdings": 0.015463598863825664,
        "cash": 0
    },
    "BKR": {
        "holdings": 0.10685352990756704,
        "cash": 0
    },
    "BKNG": {
        "holdings": 0,
        "cash": 916.8763491835376
    },
    "AVGO": {
        "holdings": 0.020586309164877352,
        "cash": 0
    },
    "CDNS": {
        "holdings": 0.0,
        "cash": 1000.0
    },
    "CHTR": {
        "holdings": 0.03473850523396624,
        "cash": 0
    },
    "CTAS": {
        "holdings": 0.0,
        "cash": 1000.0
    },
    "CSCO": {
        "holdings": 0.0,
        "cash": 1000.0
    },
    "CCEP": {
        "holdings": 0.0,
        "cash": 1000.0
    },
    "CTSH": {
        "holdings": 0.08041817302724093,
        "cash": 0
    },
    "CMCSA": {
        "holdings": 0.22757011945056987,
        "cash": 0
    },
    "CEG": {
        "holdings": 0,
        "cash": 1096.0520845111373
    },
    "CPRT": {
        "holdings": 0.17846785566491147,
        "cash": 0
    },
    "CSGP": {
        "holdings": 0,
        "cash": 920.4145533163996
    },
    "COST": {
        "holdings": 0.0,
        "cash": 1000.0
    },
    "CRWD": {
        "holdings": 0,
        "cash": 962.1321223508637
    },
    "CSX": {
        "holdings": 0.1785156365979936,
        "cash": 0
    },
    "DDOG": {
        "holdings": 0.056943956576057726,
        "cash": 0
    },
    "DXCM": {
        "holdings": 0.09008759539260541,
        "cash": 0
    },
    "FANG": {
        "holdings": 0.0,
        "cash": 1000.0
    },
    "DASH": {
        "holdings": 0,
        "cash": 849.2074868848077
    },
    "EA": {
        "holdings": 0.03333333333333333,
        "cash": 0
    },
    "EXC": {
        "holdings": 0.15042118033780613,
        "cash": 0
    },
    "FAST": {
        "holdings": 0,
        "cash": 952.9079605311304
    },
    "FER": {
        "holdings": 0.09077704854361401,
        "cash": 0
    },
    "FTNT": {
        "holdings": 0.08046670838200506,
        "cash": 0
    },
    "GEHC": {
        "holdings": 0.08274378418664596,
        "cash": 0
    },
    "GILD": {
        "holdings": 0,
        "cash": 1079.7591133890576
    },
    "HON": {
        "holdings": 0,
        "cash": 1064.7947443103583
    },
    "IDXX": {
        "holdings": 0.010501003088066589,
        "cash": 0
    },
    "INSM": {
        "holdings": 0.0,
        "cash": 1000.0
    },
    "INTC": {
        "holdings": 0.0,
        "cash": 1000.0
    },
    "INTU": {
        "holdings": 0.0,
        "cash": 1000.0
    },
    "ISRG": {
        "holdings": 0.0,
        "cash": 1000.0
    },
    "KDP": {
        "holdings": 0.23398380355871493,
        "cash": 0
    },
    "KLAC": {
        "holdings": 0,
        "cash": 994.648548309613
    },
    "KHC": {
        "holdings": 0.0,
        "cash": 1000.0
    },
    "LRCX": {
        "holdings": 0.0282929445678289,
        "cash": 0
    },
    "LIN": {
        "holdings": 0.0,
        "cash": 1000.0
    },
    "MAR": {
        "holdings": 0.0,
        "cash": 1000.0
    },
    "MRVL": {
        "holdings": 0.0,
        "cash": 1000.0
    },
    "MELI": {
        "holdings": 0.003242250321197296,
        "cash": 0
    },
    "META": {
        "holdings": 0.010230805277577198,
        "cash": 0
    },
    "MCHP": {
        "holdings": 0.08879577854828072,
        "cash": 0
    },
    "MU": {
        "holdings": 0.01628001628001628,
        "cash": 0
    },
    "MSFT": {
        "holdings": 0,
        "cash": 976.5054638576165
    },
    "MSTR": {
        "holdings": 0.049795835251889305,
        "cash": 0
    },
    "MDLZ": {
        "holdings": 0.0,
        "cash": 1000.0
    },
    "MPWR": {
        "holdings": 0.005605420671699365,
        "cash": 0
    },
    "MNST": {
        "holdings": 0.0,
        "cash": 1000.0
    },
    "NFLX": {
        "holdings": 0.0,
        "cash": 1000.0
    },
    "NVDA": {
        "holdings": 0.0,
        "cash": 1000.0
    },
    "NXPI": {
        "holdings": 0.0,
        "cash": 1000.0
    },
    "ORLY": {
        "holdings": 0.0,
        "cash": 1000.0
    },
    "ODFL": {
        "holdings": 0.03831858162076854,
        "cash": 0
    },
    "PCAR": {
        "holdings": 0,
        "cash": 990.8434505558819
    },
    "PLTR": {
        "holdings": 0.05055484123391581,
        "cash": 0
    },
    "PANW": {
        "holdings": 0,
        "cash": 900.9817348534713
    },
    "PAYX": {
        "holdings": 0,
        "cash": 919.8379810871724
    },
    "PYPL": {
        "holdings": 0.0,
        "cash": 1000.0
    },
    "PDD": {
        "holdings": 0.06327812115463163,
        "cash": 0
    },
    "PEP": {
        "holdings": 0,
        "cash": 987.2403923057307
    },
    "QCOM": {
        "holdings": 0,
        "cash": 904.4120380442718
    },
    "REGN": {
        "holdings": 0,
        "cash": 1049.2599379780374
    },
    "ROP": {
        "holdings": 0.020351883620615498,
        "cash": 0
    },
    "ROST": {
        "holdings": 0,
        "cash": 1009.6491494799576
    },
    "STX": {
        "holdings": 0.0,
        "cash": 1000.0
    },
    "SHOP": {
        "holdings": 0,
        "cash": 945.8858742792623
    },
    "SBUX": {
        "holdings": 0.0,
        "cash": 1000.0
    },
    "SNPS": {
        "holdings": 0.013877721726225638,
        "cash": 0
    },
    "TMUS": {
        "holdings": 0.0,
        "cash": 1000.0
    },
    "TTWO": {
        "holdings": 0.0,
        "cash": 1000.0
    },
    "TSLA": {
        "holdings": 0,
        "cash": 982.0246310437253
    },
    "TXN": {
        "holdings": 0,
        "cash": 985.6997599486871
    },
    "TRI": {
        "holdings": 0,
        "cash": 993.2568354068895
    },
    "VRSK": {
        "holdings": 0.0,
        "cash": 1000.0
    },
    "VRTX": {
        "holdings": 0,
        "cash": 966.578127062938
    },
    "WMT": {
        "holdings": 0,
        "cash": 1081.2731651843005
    },
    "WBD": {
        "holdings": 0.2438429637695385,
        "cash": 0
    },
    "WDC": {
        "holdings": 0,
        "cash": 1009.5224699437117
    },
    "WDAY": {
        "holdings": 0.0,
        "cash": 1000.0
    },
    "XEL": {
        "holdings": 0.08183975867411249,
        "cash": 0
    },
    "ZS": {
        "holdings": 0.037171265345922876,
        "cash": 0
    }
}