{
    "ADBE": {
        "holdings": 0,
        "cash": 925.7949549730198
    },
    "AMD": {
        "holdings": 0.029974975452566423,
        "cash": 0
    },
    "ABNB": {
        "holdings": 0,
        "cash": 1000.8300471594556
    },
    "ALNY": {
        "holdings": 0.019454795943080087,
        "cash": 0
    },
    "GOOGL": {
        "holdings": 0.023598283093194405,
        "cash": 0
    },
    "GOOG": {
        "holdings": 0.023821678583755893,
        "cash": 0
    },
    "AMZN": {
        "holdings": 0.02981978610206115,
        "cash": 0
    },
    "AEP": {
        "holdings": 0.052949092727981345,
        "cash": 0
    },
    "AMGN": {
        "holdings": 0.01987048500722985,
        "cash": 0
    },
    "ADI": {
        "holdings": 0.0200629568999176,
        "cash": 0
    },
    "AAPL": {
        "holdings": 0.022476148216882725,
        "cash": 0
    },
    "AMAT": {
        "holdings": 0,
        "cash": 983.4200011609046
    },
    "APP": {
        "holdings": 0.01420498177940526,
        "cash": 0
    },
    "ARM": {
        "holdings": 0.03877570999167139,
        "cash": 0
    },
    "ASML": {
        "holdings": 0.00446487415762792,
        "cash": 0
    },
    "TEAM": {
        "holdings": 0,
        "cash": 1043.7087429131504
    },
    "ADSK": {
        "holdings": 0,
        "cash": 1048.5424477881431
    },
    "ADP": {
        "holdings": 0,
        "cash": 972.8987204593794
    },
    "AXON": {
        "holdings": 0,
        "cash": 922.4044607764229
    },
    "BKR": {
        "holdings": 0.11023703770109959,
        "cash": 0
    },
    "BKNG": {
        "holdings": 0.03546696172311302,
        "cash": 0
    },
    "AVGO": {
        "holdings": 0,
        "cash": 1025.3295955815588
    },
    "CDNS": {
        "holdings": 0,
        "cash": 965.2348094765595
    },
    "CHTR": {
        "holdings": 0.033377729228953025,
        "cash": 0
    },
    "CTAS": {
        "holdings": 0.037328153805478055,
        "cash": 0
    },
    "CSCO": {
        "holdings": 0,
        "cash": 1014.9235161319518
    },
    "CCEP": {
        "holdings": 0.07087563062412823,
        "cash": 0
    },
    "CTSH": {
        "holdings": 0,
        "cash": 761.2608384756352
    },
    "CMCSA": {
        "holdings": 0.2333983705686158,
        "cash": 0
    },
    "CEG": {
        "holdings": 0.025332263697187475,
        "cash": 0
    },
    "CPRT": {
        "holdings": 0.17440870751338272,
        "cash": 0
    },
    "CSGP": {
        "holdings": 0.1490565967862257,
        "cash": 0
    },
    "COST": {
        "holdings": 0,
        "cash": 992.0192967644709
    },
    "CRWD": {
        "holdings": 0.01888578153275882,
        "cash": 0
    },
    "CSX": {
        "holdings": 0.18481866815632186,
        "cash": 0
    },
    "DDOG": {
        "holdings": 0.06226327862741777,
        "cash": 0
    },
    "DXCM": {
        "holdings": 0,
        "cash": 851.5980454321233
    },
    "FANG": {
        "holdings": 0.0371468917680804,
        "cash": 0
    },
    "DASH": {
        "holdings": 0,
        "cash": 859.6009125084564
    },
    "EA": {
        "holdings": 0.03313504233548477,
        "cash": 0
    },
    "EXC": {
        "holdings": 0,
        "cash": 1119.6569350343068
    },
    "FAST": {
        "holdings": 0,
        "cash": 954.0163745526077
    },
    "FER": {
        "holdings": 0.0933390010996693,
        "cash": 0
    },
    "FTNT": {
        "holdings": 0,
        "cash": 943.7538187261351
    },
    "GEHC": {
        "holdings": 0.08274378418664596,
        "cash": 0
    },
    "GILD": {
        "holdings": 0.049744047020342096,
        "cash": 0
    },
    "HON": {
        "holdings": 0,
        "cash": 966.9254188792054
    },
    "IDXX": {
        "holdings": 0.011407841464223724,
        "cash": 0
    },
    "INSM": {
        "holdings": 0.03931513133401456,
        "cash": 0
    },
    "INTC": {
        "holdings": 0.12373046646176744,
        "cash": 0
    },
    "INTU": {
        "holdings": 0,
        "cash": 1165.3282868122412
    },
    "ISRG": {
        "holdings": 0.013293452974410104,
        "cash": 0
    },
    "KDP": {
        "holdings": 0,
        "cash": 1016.2636075614466
    },
    "KLAC": {
        "holdings": 0.004018781243478915,
        "cash": 0
    },
    "KHC": {
        "holdings": 0.28916384778858234,
        "cash": 0
    },
    "LRCX": {
        "holdings": 0.026561705914816793,
        "cash": 0
    },
    "LIN": {
        "holdings": 0.013243232724108362,
        "cash": 0
    },
    "MAR": {
        "holdings": 0,
        "cash": 937.5110971351442
    },
    "MRVL": {
        "holdings": 0,
        "cash": 950.4284507509958
    },
    "MELI": {
        "holdings": 0.0032155192091745774,
        "cash": 0
    },
    "META": {
        "holdings": 0.010459997795581056,
        "cash": 0
    },
    "MCHP": {
        "holdings": 0.08521722247591362,
        "cash": 0
    },
    "MU": {
        "holdings": 0,
        "cash": 1084.8351409874847
    },
    "MSFT": {
        "holdings": 0.016314650407192273,
        "cash": 0
    },
    "MSTR": {
        "holdings": 0.046300255187775016,
        "cash": 0
    },
    "MDLZ": {
        "holdings": 0.10977648872258478,
        "cash": 0
    },
    "MPWR": {
        "holdings": 0.005847494035632524,
        "cash": 0
    },
    "MNST": {
        "holdings": 0.08568744469558509,
        "cash": 0
    },
    "NFLX": {
        "holdings": 0,
        "cash": 984.9750432432544
    },
    "NVDA": {
        "holdings": 0,
        "cash": 929.3425421723917
    },
    "NXPI": {
        "holdings": 0.02820018206272757,
        "cash": 0
    },
    "ORLY": {
        "holdings": 0.07355625871516155,
        "cash": 0
    },
    "ODFL": {
        "holdings": 0.03727243697579175,
        "cash": 0
    },
    "PCAR": {
        "holdings": 0,
        "cash": 976.0868988443387
    },
    "PLTR": {
        "holdings": 0,
        "cash": 1047.176809167238
    },
    "PANW": {
        "holdings": 0,
        "cash": 964.2262581952001
    },
    "PAYX": {
        "holdings": 0.0639747829951527,
        "cash": 0
    },
    "PYPL": {
        "holdings": 0.13856734171753074,
        "cash": 0
    },
    "PDD": {
        "holdings": 0,
        "cash": 997.3422580820128
    },
    "PEP": {
        "holdings": 0,
        "cash": 1009.9404432543149
    },
    "QCOM": {
        "holdings": 0,
        "cash": 866.1244165799345
    },
    "REGN": {
        "holdings": 0,
        "cash": 992.1094505761752
    },
    "ROP": {
        "holdings": 0.02039755106606208,
        "cash": 0
    },
    "ROST": {
        "holdings": 0.028907297545687178,
        "cash": 0
    },
    "STX": {
        "holdings": 0,
        "cash": 736.2639895993292
    },
    "SHOP": {
        "holdings": 0,
        "cash": 855.2470123947891
    },
    "SBUX": {
        "holdings": 0.07645971778147846,
        "cash": 0
    },
    "SNPS": {
        "holdings": 0,
        "cash": 839.0617789141925
    },
    "TMUS": {
        "holdings": 0,
        "cash": 961.5031037269919
    },
    "TTWO": {
        "holdings": 0.031144438665042164,
        "cash": 0
    },
    "TSLA": {
        "holdings": 0,
        "cash": 949.8882701386399
    },
    "TXN": {
        "holdings": 0.02883495354411328,
        "cash": 0
    },
    "TRI": {
        "holdings": 0,
        "cash": 858.5998625319257
    },
    "VRSK": {
        "holdings": 0,
        "cash": 978.1306002104633
    },
    "VRTX": {
        "holdings": 0.013963416989375366,
        "cash": 0
    },
    "WMT": {
        "holdings": 0.05249609643296869,
        "cash": 0
    },
    "WBD": {
        "holdings": 0,
        "cash": 1040.122932236513
    },
    "WDC": {
        "holdings": 0.020674336637354667,
        "cash": 0
    },
    "WDAY": {
        "holdings": 0,
        "cash": 1010.5525678344446
    },
    "XEL": {
        "holdings": 0.08417605757254466,
        "cash": 0
    },
    "ZS": {
        "holdings": 0,
        "cash": 724.4065476322157
    }
}