{
    "ADBE": {
        "holdings": 0,
        "cash": 958.7420049707458
    },
    "AMD": {
        "holdings": 0.029974975452566423,
        "cash": 0
    },
    "ABNB": {
        "holdings": 0,
        "cash": 1000.8300471594556
    },
    "ALNY": {
        "holdings": 0,
        "cash": 881.5076146799969
    },
    "GOOGL": {
        "holdings": 0.023598283093194405,
        "cash": 0
    },
    "GOOG": {
        "holdings": 0.023821678583755893,
        "cash": 0
    },
    "AMZN": {
        "holdings": 0.02981978610206115,
        "cash": 0
    },
    "AEP": {
        "holdings": 0.05172574324557393,
        "cash": 0
    },
    "AMGN": {
        "holdings": 0,
        "cash": 1024.1248154645987
    },
    "ADI": {
        "holdings": 0.0200629568999176,
        "cash": 0
    },
    "AAPL": {
        "holdings": 0,
        "cash": 873.9063280861861
    },
    "AMAT": {
        "holdings": 0,
        "cash": 983.4200011609046
    },
    "APP": {
        "holdings": 0,
        "cash": 1020.3935898630259
    },
    "ARM": {
        "holdings": 0.03877570999167139,
        "cash": 0
    },
    "ASML": {
        "holdings": 0.004561146238075138,
        "cash": 0
    },
    "TEAM": {
        "holdings": 0,
        "cash": 1043.7087429131504
    },
    "ADSK": {
        "holdings": 0.030725168801515015,
        "cash": 0
    },
    "ADP": {
        "holdings": 0.03325637855881332,
        "cash": 0
    },
    "AXON": {
        "holdings": 0.01594495231017717,
        "cash": 0
    },
    "BKR": {
        "holdings": 0.11177193062086875,
        "cash": 0
    },
    "BKNG": {
        "holdings": 0.03546696172311302,
        "cash": 0
    },
    "AVGO": {
        "holdings": 0.016552525132338305,
        "cash": 0
    },
    "CDNS": {
        "holdings": 0,
        "cash": 965.2348094765595
    },
    "CHTR": {
        "holdings": 0.033377729228953025,
        "cash": 0
    },
    "CTAS": {
        "holdings": 0.037328153805478055,
        "cash": 0
    },
    "CSCO": {
        "holdings": 0,
        "cash": 1092.4644004385593
    },
    "CCEP": {
        "holdings": 0.07087563062412823,
        "cash": 0
    },
    "CTSH": {
        "holdings": 0,
        "cash": 761.2608384756352
    },
    "CMCSA": {
        "holdings": 0.2333983705686158,
        "cash": 0
    },
    "CEG": {
        "holdings": 0.0257011211691348,
        "cash": 0
    },
    "CPRT": {
        "holdings": 0,
        "cash": 873.9183992374943
    },
    "CSGP": {
        "holdings": 0,
        "cash": 889.4206857303308
    },
    "COST": {
        "holdings": 0,
        "cash": 992.0192967644709
    },
    "CRWD": {
        "holdings": 0,
        "cash": 1248.0763362316723
    },
    "CSX": {
        "holdings": 0.1825361981734966,
        "cash": 0
    },
    "DDOG": {
        "holdings": 0.06226327862741777,
        "cash": 0
    },
    "DXCM": {
        "holdings": 0,
        "cash": 851.5980454321233
    },
    "FANG": {
        "holdings": 0.037410850776024365,
        "cash": 0
    },
    "DASH": {
        "holdings": 0,
        "cash": 859.6009125084564
    },
    "EA": {
        "holdings": 0.03313504233548477,
        "cash": 0
    },
    "EXC": {
        "holdings": 0,
        "cash": 1119.6569350343068
    },
    "FAST": {
        "holdings": 0,
        "cash": 942.3087040853026
    },
    "FER": {
        "holdings": 0,
        "cash": 989.4400555207221
    },
    "FTNT": {
        "holdings": 0,
        "cash": 994.2679747905092
    },
    "GEHC": {
        "holdings": 0,
        "cash": 906.7891005997743
    },
    "GILD": {
        "holdings": 0,
        "cash": 1033.6564159507916
    },
    "HON": {
        "holdings": 0.027321802724895934,
        "cash": 0
    },
    "IDXX": {
        "holdings": 0.01107377333399307,
        "cash": 0
    },
    "INSM": {
        "holdings": 0,
        "cash": 816.005179607877
    },
    "INTC": {
        "holdings": 0.12045330275301058,
        "cash": 0
    },
    "INTU": {
        "holdings": 0.02091888400902567,
        "cash": 0
    },
    "ISRG": {
        "holdings": 0.012985953194096206,
        "cash": 0
    },
    "KDP": {
        "holdings": 0.2580495499386826,
        "cash": 0
    },
    "KLAC": {
        "holdings": 0.003945451523632624,
        "cash": 0
    },
    "KHC": {
        "holdings": 0,
        "cash": 963.7830748963863
    },
    "LRCX": {
        "holdings": 0.026654506745845706,
        "cash": 0
    },
    "LIN": {
        "holdings": 0,
        "cash": 984.1542616021245
    },
    "MAR": {
        "holdings": 0,
        "cash": 937.5110971351442
    },
    "MRVL": {
        "holdings": 0,
        "cash": 950.4284507509958
    },
    "MELI": {
        "holdings": 0.0032107548536155933,
        "cash": 0
    },
    "META": {
        "holdings": 0.010520042714022054,
        "cash": 0
    },
    "MCHP": {
        "holdings": 0.08521722247591362,
        "cash": 0
    },
    "MU": {
        "holdings": 0,
        "cash": 1084.8351409874847
    },
    "MSFT": {
        "holdings": 0,
        "cash": 1038.1379044111554
    },
    "MSTR": {
        "holdings": 0,
        "cash": 1188.3655040159424
    },
    "MDLZ": {
        "holdings": 0.10977648872258478,
        "cash": 0
    },
    "MPWR": {
        "holdings": 0.005617933029122136,
        "cash": 0
    },
    "MNST": {
        "holdings": 0.08308316371931686,
        "cash": 0
    },
    "NFLX": {
        "holdings": 0,
        "cash": 984.9750432432544
    },
    "NVDA": {
        "holdings": 0,
        "cash": 929.3425421723917
    },
    "NXPI": {
        "holdings": 0.02820018206272757,
        "cash": 0
    },
    "ORLY": {
        "holdings": 0,
        "cash": 1031.4562583606987
    },
    "ODFL": {
        "holdings": 0,
        "cash": 1157.98004466475
    },
    "PCAR": {
        "holdings": 0.051599761801614435,
        "cash": 0
    },
    "PLTR": {
        "holdings": 0,
        "cash": 1047.176809167238
    },
    "PANW": {
        "holdings": 0.039884439583453855,
        "cash": 0
    },
    "PAYX": {
        "holdings": 0.0639747829951527,
        "cash": 0
    },
    "PYPL": {
        "holdings": 0.13856734171753074,
        "cash": 0
    },
    "PDD": {
        "holdings": 0.06528177208468824,
        "cash": 0
    },
    "PEP": {
        "holdings": 0,
        "cash": 1000.886695555927
    },
    "QCOM": {
        "holdings": 0,
        "cash": 866.1244165799345
    },
    "REGN": {
        "holdings": 0.008880976773533642,
        "cash": 0
    },
    "ROP": {
        "holdings": 0.02039755106606208,
        "cash": 0
    },
    "ROST": {
        "holdings": 0.028177466362947153,
        "cash": 0
    },
    "STX": {
        "holdings": 0.009229662134713932,
        "cash": 0
    },
    "SHOP": {
        "holdings": 0.04825361012685,
        "cash": 0
    },
    "SBUX": {
        "holdings": 0.07645971778147846,
        "cash": 0
    },
    "SNPS": {
        "holdings": 0.012214348377552012,
        "cash": 0
    },
    "TMUS": {
        "holdings": 0,
        "cash": 962.9087074013064
    },
    "TTWO": {
        "holdings": 0,
        "cash": 980.6765751185131
    },
    "TSLA": {
        "holdings": 0,
        "cash": 949.8882701386399
    },
    "TXN": {
        "holdings": 0.02883495354411328,
        "cash": 0
    },
    "TRI": {
        "holdings": 0.0654695077612543,
        "cash": 0
    },
    "VRSK": {
        "holdings": 0.038641050513423314,
        "cash": 0
    },
    "VRTX": {
        "holdings": 0,
        "cash": 914.2313698303932
    },
    "WMT": {
        "holdings": 0.05249609643296869,
        "cash": 0
    },
    "WBD": {
        "holdings": 0,
        "cash": 1040.122932236513
    },
    "WDC": {
        "holdings": 0.020674336637354667,
        "cash": 0
    },
    "WDAY": {
        "holdings": 0.0561839455687144,
        "cash": 0
    },
    "XEL": {
        "holdings": 0,
        "cash": 1002.1580881093976
    },
    "ZS": {
        "holdings": 0,
        "cash": 724.4065476322157
    },