{
    "ADBE": {
        "holdings": 0,
        "cash": 926.2578916595961
    },
    "AMD": {
        "holdings": 0,
        "cash": 952.4398657504447
    },
    "ABNB": {
        "holdings": 0.0527871671747094,
        "cash": 0
    },
    "ALNY": {
        "holdings": 0.01972873439877801,
        "cash": 0
    },
    "GOOGL": {
        "holdings": 0,
        "cash": 1015.4636193540217
    },
    "GOOG": {
        "holdings": 0,
        "cash": 1022.0572044348751
    },
    "AMZN": {
        "holdings": 0.0309257581716372,
        "cash": 0
    },
    "AEP": {
        "holdings": 0.0541119518670712,
        "cash": 0
    },
    "AMGN": {
        "holdings": 0.020087479713204605,
        "cash": 0
    },
    "ADI": {
        "holdings": 0.02078431754952877,
        "cash": 0
    },
    "AAPL": {
        "holdings": 0.02364300773187363,
        "cash": 0
    },
    "AMAT": {
        "holdings": 0.0,
        "cash": 1000.0
    },
    "APP": {
        "holdings": 0.014587892049598834,
        "cash": 0
    },
    "ARM": {
        "holdings": 0,
        "cash": 910.0853084595678
    },
    "ASML": {
        "holdings": 0.004602108483771212,
        "cash": 0
    },
    "TEAM": {
        "holdings": 0,
        "cash": 1043.7087429131504
    },
    "ADSK": {
        "holdings": 0.029313049647635994,
        "cash": 0
    },
    "ADP": {
        "holdings": 0,
        "cash": 972.8987204593794
    },
    "AXON": {
        "holdings": 0.014939634870509746,
        "cash": 0
    },
    "BKR": {
        "holdings": 0.10685352990756704,
        "cash": 0
    },
    "BKNG": {
        "holdings": 0.001418938852562854,
        "cash": 0
    },
    "AVGO": {
        "holdings": 0.021442110649610185,
        "cash": 0
    },
    "CDNS": {
        "holdings": 0.0,
        "cash": 1000.0
    },
    "CHTR": {
        "holdings": 0.033449286834151375,
        "cash": 0
    },
    "CTAS": {
        "holdings": 0,
        "cash": 967.6017251987212
    },
    "CSCO": {
        "holdings": 0.08467221204022163,
        "cash": 0
    },
    "CCEP": {
        "holdings": 0,
        "cash": 991.2665471980552
    },
    "CTSH": {
        "holdings": 0.0843462904239115,
        "cash": 0
    },
    "CMCSA": {
        "holdings": 0,
        "cash": 993.7089798827444
    },
    "CEG": {
        "holdings": 0.02371945060913371,
        "cash": 0
    },
    "CPRT": {
        "holdings": 0.17846785566491147,
        "cash": 0
    },
    "CSGP": {
        "holdings": 0,
        "cash": 920.4145533163996
    },
    "COST": {
        "holdings": 0,
        "cash": 992.0192967644709
    },
    "CRWD": {
        "holdings": 0,
        "cash": 1103.2884471556083
    },
    "CSX": {
        "holdings": 0,
        "cash": 1142.1876391759233
    },
    "DDOG": {
        "holdings": 0,
        "cash": 1094.7752395066334
    },
    "DXCM": {
        "holdings": 0.09008759539260541,
        "cash": 0
    },
    "FANG": {
        "holdings": 0.0371468917680804,
        "cash": 0
    },
    "DASH": {
        "holdings": 0,
        "cash": 855.0087079953645
    },
    "EA": {
        "holdings": 0.03313504233548477,
        "cash": 0
    },
    "EXC": {
        "holdings": 0,
        "cash": 1091.0424159565896
    },
    "FAST": {
        "holdings": 0.14146150563158202,
        "cash": 0
    },
    "FER": {
        "holdings": 0.0933390010996693,
        "cash": 0
    },
    "FTNT": {
        "holdings": 0.08046670838200506,
        "cash": 0
    },
    "GEHC": {
        "holdings": 0.08274378418664596,
        "cash": 0
    },
    "GILD": {
        "holdings": 0,
        "cash": 1055.9666620272467
    },
    "HON": {
        "holdings": 0.028888453333453506,
        "cash": 0
    },
    "IDXX": {
        "holdings": 0.011149150516557084,
        "cash": 0
    },
    "INSM": {
        "holdings": 0,
        "cash": 954.6176429105429
    },
    "INTC": {
        "holdings": 0,
        "cash": 895.4064333434361
    },
    "INTU": {
        "holdings": 0,
        "cash": 1167.9624140728945
    },
    "ISRG": {
        "holdings": 0.013293452974410104,
        "cash": 0
    },
    "KDP": {
        "holdings": 0,
        "cash": 1028.2378804753457
    },
    "KLAC": {
        "holdings": 0,
        "cash": 921.8280121947605
    },
    "KHC": {
        "holdings": 0.28916384778858234,
        "cash": 0
    },
    "LRCX": {
        "holdings": 0,
        "cash": 889.4453061497264
    },
    "LIN": {
        "holdings": 0.013528089618658848,
        "cash": 0
    },
    "MAR": {
        "holdings": 0.019497360957393125,
        "cash": 0
    },
    "MRVL": {
        "holdings": 0,
        "cash": 950.4284507509958
    },
    "MELI": {
        "holdings": 0.003269455446775798,
        "cash": 0
    },
    "META": {
        "holdings": 0,
        "cash": 911.2158338265447
    },
    "MCHP": {
        "holdings": 0.08521722247591362,
        "cash": 0
    },
    "MU": {
        "holdings": 0,
        "cash": 1084.8351409874847
    },
    "MSFT": {
        "holdings": 0.016314650407192273,
        "cash": 0
    },
    "MSTR": {
        "holdings": 0.042767648441715024,
        "cash": 0
    },
    "MDLZ": {
        "holdings": 0,
        "cash": 953.079492677572
    },
    "MPWR": {
        "holdings": 0.005847494035632524,
        "cash": 0
    },
    "MNST": {
        "holdings": 0.08568744469558509,
        "cash": 0
    },
    "NFLX": {
        "holdings": 0,
        "cash": 984.9750432432544
    },
    "NVDA": {
        "holdings": 0.03603834647083607,
        "cash": 0
    },
    "NXPI": {
        "holdings": 0,
        "cash": 814.2802570612586
    },
    "ORLY": {
        "holdings": 0,
        "cash": 1008.7873135162215
    },
    "ODFL": {
        "holdings": 0,
        "cash": 1086.9066027548088
    },
    "PCAR": {
        "holdings": 0,
        "cash": 976.0868988443387
    },
    "PLTR": {
        "holdings": 0.04809163604209083,
        "cash": 0
    },
    "PANW": {
        "holdings": 0,
        "cash": 997.7970779280259
    },
    "PAYX": {
        "holdings": 0.06505679045482196,
        "cash": 0
    },
    "PYPL": {
        "holdings": 0,
        "cash": 964.7338592586381
    },
    "PDD": {
        "holdings": 0,
        "cash": 997.3422580820128
    },
    "PEP": {
        "holdings": 0,
        "cash": 987.2403923057307
    },
    "QCOM": {
        "holdings": 0,
        "cash": 866.1244165799345
    },
    "REGN": {
        "holdings": 0,
        "cash": 1001.7005407753659
    },
    "ROP": {
        "holdings": 0,
        "cash": 1074.4817750975333
    },
    "ROST": {
        "holdings": 0,
        "cash": 973.2798301777051
    },
    "STX": {
        "holdings": 0,
        "cash": 798.0155699596675
    },
    "SHOP": {
        "holdings": 0.05073542346189354,
        "cash": 0
    },
    "SBUX": {
        "holdings": 0,
        "cash": 1027.2745347530058
    },
    "SNPS": {
        "holdings": 0,
        "cash": 850.2841974898222
    },
    "TMUS": {
        "holdings": 0.03066261945916475,
        "cash": 0
    },
    "TTWO": {
        "holdings": 0.03323034897444724,
        "cash": 0
    },
    "TSLA": {
        "holdings": 0,
        "cash": 949.8882701386399
    },
    "TXN": {
        "holdings": 0.02973318807438816,
        "cash": 0
    },
    "TRI": {
        "holdings": 0.06396244519147051,
        "cash": 0
    },
    "VRSK": {
        "holdings": 0.0,
        "cash": 1000.0
    },
    "VRTX": {
        "holdings": 0,
        "cash": 968.9193418266345
    },
    "WMT": {
        "holdings": 0.055189301878017516,
        "cash": 0
    },
    "WBD": {
        "holdings": 0.25330238836810054,
        "cash": 0
    },
    "WDC": {
        "holdings": 0.020674336637354667,
        "cash": 0
    },
    "WDAY": {
        "holdings": 0,
        "cash": 1010.5525678344446
    },
    "XEL": {
        "holdings": 0,
        "cash": 992.4663651786568
    },
    "ZS": {
        "holdings": 0.035286986429031886,
        "cash": 0
    }
}