{
    "ADBE": {
        "holdings": 0.024917598234516076,
        "cash": 0
    },
    "AMD": {
        "holdings": 0.029974975452566423,
        "cash": 0
    },
    "ABNB": {
        "holdings": 0,
        "cash": 967.0975136023992
    },
    "ALNY": {
        "holdings": 0.01924867778838049,
        "cash": 0
    },
    "GOOGL": {
        "holdings": 0.023598283093194405,
        "cash": 0
    },
    "GOOG": {
        "holdings": 0.02333151291914688,
        "cash": 0
    },
    "AMZN": {
        "holdings": 0,
        "cash": 1161.9428262183706
    },
    "AEP": {
        "holdings": 0,
        "cash": 1004.108944350523
    },
    "AMGN": {
        "holdings": 0,
        "cash": 1024.1248154645987
    },
    "ADI": {
        "holdings": 0,
        "cash": 1219.5022539607496
    },
    "AAPL": {
        "holdings": 0,
        "cash": 969.3799976527565
    },
    "AMAT": {
        "holdings": 0,
        "cash": 916.9201570315498
    },
    "APP": {
        "holdings": 0.01206588394763798,
        "cash": 0
    },
    "ARM": {
        "holdings": 0.036552768207735085,
        "cash": 0
    },
    "ASML": {
        "holdings": 0,
        "cash": 942.1233314395264
    },
    "TEAM": {
        "holdings": 0,
        "cash": 1043.7087429131504
    },
    "ADSK": {
        "holdings": 0,
        "cash": 1023.397810886704
    },
    "ADP": {
        "holdings": 0.03184965939753449,
        "cash": 0
    },
    "AXON": {
        "holdings": 0.01594495231017717,
        "cash": 0
    },
    "BKR": {
        "holdings": 0,
        "cash": 1148.1948316964845
    },
    "BKNG": {
        "holdings": 0.03546696172311302,
        "cash": 0
    },
    "AVGO": {
        "holdings": 0.016552525132338305,
        "cash": 0
    },
    "CDNS": {
        "holdings": 0.019522766347567586,
        "cash": 0
    },
    "CHTR": {
        "holdings": 0,
        "cash": 704.3219794272122
    },
    "CTAS": {
        "holdings": 0,
        "cash": 944.2076080057262
    },
    "CSCO": {
        "holdings": 0,
        "cash": 1302.9164220179107
    },
    "CCEP": {
        "holdings": 0,
        "cash": 1003.6642501220788
    },
    "CTSH": {
        "holdings": 0.10661335822398915,
        "cash": 0
    },
    "CMCSA": {
        "holdings": 0,
        "cash": 879.6235814225622
    },
    "CEG": {
        "holdings": 0,
        "cash": 1221.8184215839888
    },
    "CPRT": {
        "holdings": 0.1757238086590227,
        "cash": 0
    },
    "CSGP": {
        "holdings": 0.17034035874410655,
        "cash": 0
    },
    "COST": {
        "holdings": 0.006385137976454812,
        "cash": 0
    },
    "CRWD": {
        "holdings": 0.018147484955216897,
        "cash": 0
    },
    "CSX": {
        "holdings": 0.17899394994141438,
        "cash": 0
    },
    "DDOG": {
        "holdings": 0.048791165842731445,
        "cash": 0
    },
    "DXCM": {
        "holdings": 0.09210448343765311,
        "cash": 0
    },
    "FANG": {
        "holdings": 0.037410850776024365,
        "cash": 0
    },
    "DASH": {
        "holdings": 0,
        "cash": 798.991099739963
    },
    "EA": {
        "holdings": 0.033466525831552074,
        "cash": 0
    },
    "EXC": {
        "holdings": 0,
        "cash": 1119.6569350343068
    },
    "FAST": {
        "holdings": 0.1410442597739457,
        "cash": 0
    },
    "FER": {
        "holdings": 0,
        "cash": 974.0787585738068
    },
    "FTNT": {
        "holdings": 0,
        "cash": 994.2679747905092
    },
    "GEHC": {
        "holdings": 0.08449263710792555,
        "cash": 0
    },
    "GILD": {
        "holdings": 0.05280896990510339,
        "cash": 0
    },
    "HON": {
        "holdings": 0,
        "cash": 886.5606072785578
    },
    "IDXX": {
        "holdings": 0,
        "cash": 912.7391401730301
    },
    "INSM": {
        "holdings": 0,
        "cash": 816.005179607877
    },
    "INTC": {
        "holdings": 0.12045330275301058,
        "cash": 0
    },
    "INTU": {
        "holdings": 0.019908695172675624,
        "cash": 0
    },
    "ISRG": {
        "holdings": 0.013354305367518691,
        "cash": 0
    },
    "KDP": {
        "holdings": 0.25720171935006586,
        "cash": 0
    },
    "KLAC": {
        "holdings": 0.003945451523632624,
        "cash": 0
    },
    "KHC": {
        "holdings": 0,
        "cash": 963.7830748963863
    },
    "LRCX": {
        "holdings": 0,
        "cash": 1138.0408785876598
    },
    "LIN": {
        "holdings": 0,
        "cash": 963.8695839365977
    },
    "MAR": {
        "holdings": 0.01756759943449492,
        "cash": 0
    },
    "MRVL": {
        "holdings": 0.03345674123516381,
        "cash": 0
    },
    "MELI": {
        "holdings": 0.0032353934096292047,
        "cash": 0
    },
    "META": {
        "holdings": 0.010520042714022054,
        "cash": 0
    },
    "MCHP": {
        "holdings": 0,
        "cash": 1151.5637692916625
    },
    "MU": {
        "holdings": 0,
        "cash": 1664.9051704107792
    },
    "MSFT": {
        "holdings": 0,
        "cash": 1006.3921723382774
    },
    "MSTR": {
        "holdings": 0.045695291663614544,
        "cash": 0
    },
    "MDLZ": {
        "holdings": 0,
        "cash": 1011.7000974540814
    },
    "MPWR": {
        "holdings": 0.00540998728164003,
        "cash": 0
    },
    "MNST": {
        "holdings": 0.08308316371931686,
        "cash": 0
    },
    "NFLX": {
        "holdings": 0,
        "cash": 984.9750432432544
    },
    "NVDA": {
        "holdings": 0,
        "cash": 929.3425421723917
    },
    "NXPI": {
        "holdings": 0,
        "cash": 1234.8718414541636
    },
    "ORLY": {
        "holdings": 0,
        "cash": 985.1317578767338
    },
    "ODFL": {
        "holdings": 0,
        "cash": 1128.4697432170976
    },
    "PCAR": {
        "holdings": 0,
        "cash": 886.225908942728
    },
    "PLTR": {
        "holdings": 0,
        "cash": 1043.5565488535287
    },
    "PANW": {
        "holdings": 0.03998793856643005,
        "cash": 0
    },
    "PAYX": {
        "holdings": 0,
        "cash": 892.9280629401754
    },
    "PYPL": {
        "holdings": 0,
        "cash": 940.6094624249581
    },
    "PDD": {
        "holdings": 0,
        "cash": 940.8789864061021
    },
    "PEP": {
        "holdings": 0.04279762564071105,
        "cash": 0
    },
    "QCOM": {
        "holdings": 0,
        "cash": 978.8891715686456
    },
    "REGN": {
        "holdings": 0,
        "cash": 942.6935145917706
    },
    "ROP": {
        "holdings": 0,
        "cash": 1086.7815581488192
    },
    "ROST": {
        "holdings": 0.02911841025364199,
        "cash": 0
    },
    "STX": {
        "holdings": 0.009229662134713932,
        "cash": 0
    },
    "SHOP": {
        "holdings": 0.05190304349838707,
        "cash": 0
    },
    "SBUX": {
        "holdings": 0.07512848948134454,
        "cash": 0
    },
    "SNPS": {
        "holdings": 0,
        "cash": 872.7273992149269
    },
    "TMUS": {
        "holdings": 0,
        "cash": 914.5504726639655
    },
    "TTWO": {
        "holdings": 0.03088983084213759,
        "cash": 0
    },
    "TSLA": {
        "holdings": 0,
        "cash": 947.8144332237204
    },
    "TXN": {
        "holdings": 0,
        "cash": 1301.5521911523997
    },
    "TRI": {
        "holdings": 0.06790729864686018,
        "cash": 0
    },
    "VRSK": {
        "holdings": 0.03692192745016889,
        "cash": 0
    },
    "VRTX": {
        "holdings": 0,
        "cash": 939.6349588305767
    },
    "WMT": {
        "holdings": 0.05249609643296869,
        "cash": 0
    },
    "WBD": {
        "holdings": 0,
        "cash": 1041.8476568849612
    },
    "WDC": {
        "holdings": 0.020674336637354667,
        "cash": 0
    },
    "WDAY": {
        "holdings": 0.052358465136547155,
        "cash": 0
    },
    "XEL": {
        "holdings": 0.08184557326381108,
        "cash": 0
    },
    "ZS": {
        "holdings": 0.03601056567172967,
        "cash": 0
    },