{
    "ADBE": {
        "holdings": 0.024917598234516076,
        "cash": 0
    },
    "AMD": {
        "holdings": 0.029974975452566423,
        "cash": 0
    },
    "ABNB": {
        "holdings": 0.04764496311252731,
        "cash": 0
    },
    "ALNY": {
        "holdings": 0.01924867778838049,
        "cash": 0
    },
    "GOOGL": {
        "holdings": 0.023598283093194405,
        "cash": 0
    },
    "GOOG": {
        "holdings": 0,
        "cash": 1393.907660431418
    },
    "AMZN": {
        "holdings": 0,
        "cash": 1161.9428262183706
    },
    "AEP": {
        "holdings": 0,
        "cash": 1044.5755598578085
    },
    "AMGN": {
        "holdings": 0,
        "cash": 1024.1248154645987
    },
    "ADI": {
        "holdings": 0.019334622024827382,
        "cash": 0
    },
    "AAPL": {
        "holdings": 0.02169363360219025,
        "cash": 0
    },
    "AMAT": {
        "holdings": 0,
        "cash": 983.4200011609046
    },
    "APP": {
        "holdings": 0,
        "cash": 949.38812266694
    },
    "ARM": {
        "holdings": 0.036552768207735085,
        "cash": 0
    },
    "ASML": {
        "holdings": 0.004181499953678,
        "cash": 0
    },
    "TEAM": {
        "holdings": 0,
        "cash": 1043.7087429131504
    },
    "ADSK": {
        "holdings": 0,
        "cash": 1023.397810886704
    },
    "ADP": {
        "holdings": 0.03228148505940632,
        "cash": 0
    },
    "AXON": {
        "holdings": 0.01594495231017717,
        "cash": 0
    },
    "BKR": {
        "holdings": 0,
        "cash": 1141.955502768216
    },
    "BKNG": {
        "holdings": 0.03546696172311302,
        "cash": 0
    },
    "AVGO": {
        "holdings": 0.016552525132338305,
        "cash": 0
    },
    "CDNS": {
        "holdings": 0.019522766347567586,
        "cash": 0
    },
    "CHTR": {
        "holdings": 0.033677459279703295,
        "cash": 0
    },
    "CTAS": {
        "holdings": 0,
        "cash": 944.2076080057262
    },
    "CSCO": {
        "holdings": 0.07528915032791521,
        "cash": 0
    },
    "CCEP": {
        "holdings": 0,
        "cash": 1003.6642501220788
    },
    "CTSH": {
        "holdings": 0,
        "cash": 753.7031530457941
    },
    "CMCSA": {
        "holdings": 0.2333983705686158,
        "cash": 0
    },
    "CEG": {
        "holdings": 0,
        "cash": 1221.8184215839888
    },
    "CPRT": {
        "holdings": 0.1757238086590227,
        "cash": 0
    },
    "CSGP": {
        "holdings": 0.17034035874410655,
        "cash": 0
    },
    "COST": {
        "holdings": 0,
        "cash": 975.5612988466559
    },
    "CRWD": {
        "holdings": 0.018147484955216897,
        "cash": 0
    },
    "CSX": {
        "holdings": 0.17899394994141438,
        "cash": 0
    },
    "DDOG": {
        "holdings": 0.048791165842731445,
        "cash": 0
    },
    "DXCM": {
        "holdings": 0,
        "cash": 851.5980454321233
    },
    "FANG": {
        "holdings": 0.037410850776024365,
        "cash": 0
    },
    "DASH": {
        "holdings": 0,
        "cash": 798.991099739963
    },
    "EA": {
        "holdings": 0,
        "cash": 1006.1041568820942
    },
    "EXC": {
        "holdings": 0,
        "cash": 1119.6569350343068
    },
    "FAST": {
        "holdings": 0.14022451192451257,
        "cash": 0
    },
    "FER": {
        "holdings": 0,
        "cash": 974.0787585738068
    },
    "FTNT": {
        "holdings": 0,
        "cash": 994.2679747905092
    },
    "GEHC": {
        "holdings": 0,
        "cash": 780.4711791060917
    },
    "GILD": {
        "holdings": 0,
        "cash": 1033.6564159507916
    },
    "HON": {
        "holdings": 0.02718792259381555,
        "cash": 0
    },
    "IDXX": {
        "holdings": 0,
        "cash": 912.7391401730301
    },
    "INSM": {
        "holdings": 0,
        "cash": 816.005179607877
    },
    "INTC": {
        "holdings": 0.12045330275301058,
        "cash": 0
    },
    "INTU": {
        "holdings": 0.019908695172675624,
        "cash": 0
    },
    "ISRG": {
        "holdings": 0,
        "cash": 880.9735362638922
    },
    "KDP": {
        "holdings": 0.25720171935006586,
        "cash": 0
    },
    "KLAC": {
        "holdings": 0.003945451523632624,
        "cash": 0
    },
    "KHC": {
        "holdings": 0,
        "cash": 963.7830748963863
    },
    "LRCX": {
        "holdings": 0.026654506745845706,
        "cash": 0
    },
    "LIN": {
        "holdings": 0,
        "cash": 963.8695839365977
    },
    "MAR": {
        "holdings": 0,
        "cash": 937.5110971351442
    },
    "MRVL": {
        "holdings": 0.03864472683714163,
        "cash": 0
    },
    "MELI": {
        "holdings": 0,
        "cash": 775.4219043531003
    },
    "META": {
        "holdings": 0.010520042714022054,
        "cash": 0
    },
    "MCHP": {
        "holdings": 0.08160824492751581,
        "cash": 0
    },
    "MU": {
        "holdings": 0.013949186417569905,
        "cash": 0
    },
    "MSFT": {
        "holdings": 0,
        "cash": 1006.1861712644708
    },
    "MSTR": {
        "holdings": 0,
        "cash": 1198.233378560332
    },
    "MDLZ": {
        "holdings": 0.10977648872258478,
        "cash": 0
    },
    "MPWR": {
        "holdings": 0,
        "cash": 1338.1116166794102
    },
    "MNST": {
        "holdings": 0.08308316371931686,
        "cash": 0
    },
    "NFLX": {
        "holdings": 0,
        "cash": 984.9750432432544
    },
    "NVDA": {
        "holdings": 0,
        "cash": 929.3425421723917
    },
    "NXPI": {
        "holdings": 0,
        "cash": 1234.8718414541636
    },
    "ORLY": {
        "holdings": 0,
        "cash": 985.1317578767338
    },
    "ODFL": {
        "holdings": 0,
        "cash": 1128.4697432170976
    },
    "PCAR": {
        "holdings": 0,
        "cash": 886.225908942728
    },
    "PLTR": {
        "holdings": 0,
        "cash": 1043.5565488535287
    },
    "PANW": {
        "holdings": 0.03998793856643005,
        "cash": 0
    },
    "PAYX": {
        "holdings": 0,
        "cash": 892.9280629401754
    },
    "PYPL": {
        "holdings": 0,
        "cash": 946.1689792874549
    },
    "PDD": {
        "holdings": 0,
        "cash": 940.8789864061021
    },
    "PEP": {
        "holdings": 0.04279762564071105,
        "cash": 0
    },
    "QCOM": {
        "holdings": 0.030962317588709706,
        "cash": 0
    },
    "REGN": {
        "holdings": 0,
        "cash": 942.6935145917706
    },
    "ROP": {
        "holdings": 0,
        "cash": 1086.7815581488192
    },
    "ROST": {
        "holdings": 0,
        "cash": 955.4696965822786
    },
    "STX": {
        "holdings": 0.009229662134713932,
        "cash": 0
    },
    "SHOP": {
        "holdings": 0,
        "cash": 787.4989393589417
    },
    "SBUX": {
        "holdings": 0.07512848948134454,
        "cash": 0
    },
    "SNPS": {
        "holdings": 0,
        "cash": 872.7273992149269
    },
    "TMUS": {
        "holdings": 0.032207302432510666,
        "cash": 0
    },
    "TTWO": {
        "holdings": 0.03088983084213759,
        "cash": 0
    },
    "TSLA": {
        "holdings": 0,
        "cash": 947.8144332237204
    },
    "TXN": {
        "holdings": 0.02883495354411328,
        "cash": 0
    },
    "TRI": {
        "holdings": 0,
        "cash": 895.2558654937823
    },
    "VRSK": {
        "holdings": 0.03692192745016889,
        "cash": 0
    },
    "VRTX": {
        "holdings": 0.014208798802933771,
        "cash": 0
    },
    "WMT": {
        "holdings": 0.05249609643296869,
        "cash": 0
    },
    "WBD": {
        "holdings": 0,
        "cash": 1043.962900102111
    },
    "WDC": {
        "holdings": 0.020674336637354667,
        "cash": 0
    },
    "WDAY": {
        "holdings": 0.052358465136547155,
        "cash": 0
    },
    "XEL": {
        "holdings": 0.08184557326381108,
        "cash": 0
    },
    "ZS": {
        "holdings": 0.03601056567172967,
        "cash": 0
    },