{
    "ADBE": {
        "holdings": 0.025701543129304782,
        "cash": 0
    },
    "AMD": {
        "holdings": 0.029974975452566423,
        "cash": 0
    },
    "ABNB": {
        "holdings": 0.05245028191506987,
        "cash": 0
    },
    "ALNY": {
        "holdings": 0.01972873439877801,
        "cash": 0
    },
    "GOOGL": {
        "holdings": 0.023598283093194405,
        "cash": 0
    },
    "GOOG": {
        "holdings": 0.023821678583755893,
        "cash": 0
    },
    "AMZN": {
        "holdings": 0.02981978610206115,
        "cash": 0
    },
    "AEP": {
        "holdings": 0,
        "cash": 1045.9299225927164
    },
    "AMGN": {
        "holdings": 0.019956628461678283,
        "cash": 0
    },
    "ADI": {
        "holdings": 0,
        "cash": 976.7901721049844
    },
    "AAPL": {
        "holdings": 0.02315273588718165,
        "cash": 0
    },
    "AMAT": {
        "holdings": 0.018592630684184184,
        "cash": 0
    },
    "APP": {
        "holdings": 0.014587892049598834,
        "cash": 0
    },
    "ARM": {
        "holdings": 0.03877570999167139,
        "cash": 0
    },
    "ASML": {
        "holdings": 0.00446487415762792,
        "cash": 0
    },
    "TEAM": {
        "holdings": 0,
        "cash": 1043.7087429131504
    },
    "ADSK": {
        "holdings": 0.029313049647635994,
        "cash": 0
    },
    "ADP": {
        "holdings": 0,
        "cash": 972.8987204593794
    },
    "AXON": {
        "holdings": 0.014939634870509746,
        "cash": 0
    },
    "BKR": {
        "holdings": 0,
        "cash": 1002.6333893965449
    },
    "BKNG": {
        "holdings": 0,
        "cash": 916.3244523022239
    },
    "AVGO": {
        "holdings": 0,
        "cash": 1025.3295955815588
    },
    "CDNS": {
        "holdings": 0.023746765329374767,
        "cash": 0
    },
    "CHTR": {
        "holdings": 0,
        "cash": 1099.963051461035
    },
    "CTAS": {
        "holdings": 0,
        "cash": 967.6017251987212
    },
    "CSCO": {
        "holdings": 0,
        "cash": 1014.9235161319518
    },
    "CCEP": {
        "holdings": 0.07087563062412823,
        "cash": 0
    },
    "CTSH": {
        "holdings": 0.08252150010575991,
        "cash": 0
    },
    "CMCSA": {
        "holdings": 0,
        "cash": 976.5971480779249
    },
    "CEG": {
        "holdings": 0,
        "cash": 1081.9093403696356
    },
    "CPRT": {
        "holdings": 0.17440870751338272,
        "cash": 0
    },
    "CSGP": {
        "holdings": 0,
        "cash": 909.3197277547529
    },
    "COST": {
        "holdings": 0,
        "cash": 992.0192967644709
    },
    "CRWD": {
        "holdings": 0.01888578153275882,
        "cash": 0
    },
    "CSX": {
        "holdings": 0,
        "cash": 1142.1876391759233
    },
    "DDOG": {
        "holdings": 0,
        "cash": 1094.7752395066334
    },
    "DXCM": {
        "holdings": 0,
        "cash": 851.5980454321233
    },
    "FANG": {
        "holdings": 0.0371468917680804,
        "cash": 0
    },
    "DASH": {
        "holdings": 0.0375646358702631,
        "cash": 0
    },
    "EA": {
        "holdings": 0.03313504233548477,
        "cash": 0
    },
    "EXC": {
        "holdings": 0,
        "cash": 1119.6569350343068
    },
    "FAST": {
        "holdings": 0,
        "cash": 954.0163745526077
    },
    "FER": {
        "holdings": 0.0933390010996693,
        "cash": 0
    },
    "FTNT": {
        "holdings": 0,
        "cash": 943.7538187261351
    },
    "GEHC": {
        "holdings": 0.08274378418664596,
        "cash": 0
    },
    "GILD": {
        "holdings": 0,
        "cash": 1055.9666620272467
    },
    "HON": {
        "holdings": 0,
        "cash": 966.9254188792054
    },
    "IDXX": {
        "holdings": 0.011407841464223724,
        "cash": 0
    },
    "INSM": {
        "holdings": 0,
        "cash": 945.037469441375
    },
    "INTC": {
        "holdings": 0.12373046646176744,
        "cash": 0
    },
    "INTU": {
        "holdings": 0.01810394464413619,
        "cash": 0
    },
    "ISRG": {
        "holdings": 0.013293452974410104,
        "cash": 0
    },
    "KDP": {
        "holdings": 0,
        "cash": 1016.2636075614466
    },
    "KLAC": {
        "holdings": 0.004018781243478915,
        "cash": 0
    },
    "KHC": {
        "holdings": 0.28916384778858234,
        "cash": 0
    },
    "LRCX": {
        "holdings": 0.026561705914816793,
        "cash": 0
    },
    "LIN": {
        "holdings": 0,
        "cash": 998.5861035621216
    },
    "MAR": {
        "holdings": 0,
        "cash": 937.5110971351442
    },
    "MRVL": {
        "holdings": 0,
        "cash": 950.4284507509958
    },
    "MELI": {
        "holdings": 0.003269455446775798,
        "cash": 0
    },
    "META": {
        "holdings": 0.010716270675549585,
        "cash": 0
    },
    "MCHP": {
        "holdings": 0.08521722247591362,
        "cash": 0
    },
    "MU": {
        "holdings": 0,
        "cash": 1084.8351409874847
    },
    "MSFT": {
        "holdings": 0.016314650407192273,
        "cash": 0
    },
    "MSTR": {
        "holdings": 0,
        "cash": 879.9016225328158
    },
    "MDLZ": {
        "holdings": 0,
        "cash": 953.079492677572
    },
    "MPWR": {
        "holdings": 0.005847494035632524,
        "cash": 0
    },
    "MNST": {
        "holdings": 0.08568744469558509,
        "cash": 0
    },
    "NFLX": {
        "holdings": 0,
        "cash": 984.9750432432544
    },
    "NVDA": {
        "holdings": 0.035387347972468446,
        "cash": 0
    },
    "NXPI": {
        "holdings": 0,
        "cash": 814.2802570612586
    },
    "ORLY": {
        "holdings": 0,
        "cash": 1008.7873135162215
    },
    "ODFL": {
        "holdings": 0.03727243697579175,
        "cash": 0
    },
    "PCAR": {
        "holdings": 0,
        "cash": 976.0868988443387
    },
    "PLTR": {
        "holdings": 0.04809163604209083,
        "cash": 0
    },
    "PANW": {
        "holdings": 0.042307324939747926,
        "cash": 0
    },
    "PAYX": {
        "holdings": 0,
        "cash": 880.2610588356685
    },
    "PYPL": {
        "holdings": 0.13856734171753074,
        "cash": 0
    },
    "PDD": {
        "holdings": 0,
        "cash": 997.3422580820128
    },
    "PEP": {
        "holdings": 0,
        "cash": 1009.9404432543149
    },
    "QCOM": {
        "holdings": 0,
        "cash": 866.1244165799345
    },
    "REGN": {
        "holdings": 0.008681695330633952,
        "cash": 0
    },
    "ROP": {
        "holdings": 0.02039755106606208,
        "cash": 0
    },
    "ROST": {
        "holdings": 0,
        "cash": 973.2798301777051
    },
    "STX": {
        "holdings": 0,
        "cash": 736.2639895993292
    },
    "SHOP": {
        "holdings": 0.05073542346189354,
        "cash": 0
    },
    "SBUX": {
        "holdings": 0.07645971778147846,
        "cash": 0
    },
    "SNPS": {
        "holdings": 0.01430515615227382,
        "cash": 0
    },
    "TMUS": {
        "holdings": 0,
        "cash": 961.5031037269919
    },
    "TTWO": {
        "holdings": 0.032208718717638384,
        "cash": 0
    },
    "TSLA": {
        "holdings": 0,
        "cash": 949.8882701386399
    },
    "TXN": {
        "holdings": 0.02883495354411328,
        "cash": 0
    },
    "TRI": {
        "holdings": 0,
        "cash": 858.5998625319257
    },
    "VRSK": {
        "holdings": 0.03551672359091981,
        "cash": 0
    },
    "VRTX": {
        "holdings": 0.014117145736244691,
        "cash": 0
    },
    "WMT": {
        "holdings": 0.055189301878017516,
        "cash": 0
    },
    "WBD": {
        "holdings": 0.25330238836810054,
        "cash": 0
    },
    "WDC": {
        "holdings": 0.020674336637354667,
        "cash": 0
    },
    "WDAY": {
        "holdings": 0,
        "cash": 1010.5525678344446
    },
    "XEL": {
        "holdings": 0.08417605757254466,
        "cash": 0
    },
    "ZS": {
        "holdings": 0.035286986429031886,
        "cash": 0
    }
}