{
    "ADBE": {
        "holdings": 0.024690419401200085,
        "cash": 0
    },
    "AMD": {
        "holdings": 0,
        "cash": 2087.998389525775
    },
    "ABNB": {
        "holdings": 0,
        "cash": 951.3272539766349
    },
    "ALNY": {
        "holdings": 0,
        "cash": 823.2866241955012
    },
    "GOOGL": {
        "holdings": 0.025667790952017686,
        "cash": 0
    },
    "GOOG": {
        "holdings": 0,
        "cash": 1336.090714622257
    },
    "AMZN": {
        "holdings": 0.03305934956301118,
        "cash": 0
    },
    "AEP": {
        "holdings": 0,
        "cash": 1063.1877556355173
    },
    "AMGN": {
        "holdings": 0.019637307045535905,
        "cash": 0
    },
    "ADI": {
        "holdings": 0.01921762264742966,
        "cash": 0
    },
    "AAPL": {
        "holdings": 0.02159244740704482,
        "cash": 0
    },
    "AMAT": {
        "holdings": 0.014326765074884578,
        "cash": 0
    },
    "APP": {
        "holdings": 0.014420832425128495,
        "cash": 0
    },
    "ARM": {
        "holdings": 0,
        "cash": 2236.042529729849
    },
    "ASML": {
        "holdings": 0.004038738590183951,
        "cash": 0
    },
    "TEAM": {
        "holdings": 0,
        "cash": 1043.7087429131504
    },
    "ADSK": {
        "holdings": 0.02828511207112284,
        "cash": 0
    },
    "ADP": {
        "holdings": 0,
        "cash": 1042.6571801712341
    },
    "AXON": {
        "holdings": 0.01594495231017717,
        "cash": 0
    },
    "BKR": {
        "holdings": 0,
        "cash": 1084.4730385532991
    },
    "BKNG": {
        "holdings": 0,
        "cash": 892.3842531391226
    },
    "AVGO": {
        "holdings": 0,
        "cash": 969.2409572749067
    },
    "CDNS": {
        "holdings": 0.019522766347567586,
        "cash": 0
    },
    "CHTR": {
        "holdings": 0.03562309346649362,
        "cash": 0
    },
    "CTAS": {
        "holdings": 0,
        "cash": 889.901713835204
    },
    "CSCO": {
        "holdings": 0,
        "cash": 1357.6296927808507
    },
    "CCEP": {
        "holdings": 0,
        "cash": 1003.6642501220788
    },
    "CTSH": {
        "holdings": 0,
        "cash": 803.5461318086614
    },
    "CMCSA": {
        "holdings": 0.23664150378700874,
        "cash": 0
    },
    "CEG": {
        "holdings": 0,
        "cash": 1312.280350125095
    },
    "CPRT": {
        "holdings": 0,
        "cash": 900.7254883495714
    },
    "CSGP": {
        "holdings": 0.17034035874410655,
        "cash": 0
    },
    "COST": {
        "holdings": 0,
        "cash": 902.2295831332591
    },
    "CRWD": {
        "holdings": 0,
        "cash": 1756.3136271949286
    },
    "CSX": {
        "holdings": 0.17899394994141438,
        "cash": 0
    },
    "DDOG": {
        "holdings": 0.048791165842731445,
        "cash": 0
    },
    "DXCM": {
        "holdings": 0.08779612419414524,
        "cash": 0
    },
    "FANG": {
        "holdings": 0,
        "cash": 1145.0526322524943
    },
    "DASH": {
        "holdings": 0,
        "cash": 768.3729056247648
    },
    "EA": {
        "holdings": 0.033366248492516196,
        "cash": 0
    },
    "EXC": {
        "holdings": 0.16153182662871282,
        "cash": 0
    },
    "FAST": {
        "holdings": 0.13657084973644557,
        "cash": 0
    },
    "FER": {
        "holdings": 0,
        "cash": 952.1504926270323
    },
    "FTNT": {
        "holdings": 0,
        "cash": 1045.0528111257506
    },
    "GEHC": {
        "holdings": 0,
        "cash": 820.5714032427899
    },
    "GILD": {
        "holdings": 0.05607904361894311,
        "cash": 0
    },
    "HON": {
        "holdings": 0,
        "cash": 886.5606072785578
    },
    "IDXX": {
        "holdings": 0.010715825471904717,
        "cash": 0
    },
    "INSM": {
        "holdings": 0.05602766447340764,
        "cash": 0
    },
    "INTC": {
        "holdings": 0.09272071969647602,
        "cash": 0
    },
    "INTU": {
        "holdings": 0.02114609063580031,
        "cash": 0
    },
    "ISRG": {
        "holdings": 0.013718426043267486,
        "cash": 0
    },
    "KDP": {
        "holdings": 0,
        "cash": 1191.7441430610095
    },
    "KLAC": {
        "holdings": 0.0038292589248681984,
        "cash": 0
    },
    "KHC": {
        "holdings": 0.2757605454805941,
        "cash": 0
    },
    "LRCX": {
        "holdings": 0.021992392124088028,
        "cash": 0
    },
    "LIN": {
        "holdings": 0.012469043527345007,
        "cash": 0
    },
    "MAR": {
        "holdings": 0,
        "cash": 989.7585682230614
    },
    "MRVL": {
        "holdings": 0.02834219702529784,
        "cash": 0
    },
    "MELI": {
        "holdings": 0.0031940276748198605,
        "cash": 0
    },
    "META": {
        "holdings": 0.011438144394755252,
        "cash": 0
    },
    "MCHP": {
        "holdings": 0,
        "cash": 1171.0402306725268
    },
    "MU": {
        "holdings": 0,
        "cash": 2207.228996337099
    },
    "MSFT": {
        "holdings": 0.016026564889252994,
        "cash": 0
    },
    "MSTR": {
        "holdings": 0,
        "cash": 804.7583568688527
    },
    "MDLZ": {
        "holdings": 0,
        "cash": 1004.6367535740061
    },
    "MPWR": {
        "holdings": 0,
        "cash": 1187.5270754435303
    },
    "MNST": {
        "holdings": 0,
        "cash": 1102.3058366135824
    },
    "NFLX": {
        "holdings": 0,
        "cash": 984.9750432432544
    },
    "NVDA": {
        "holdings": 0.028306954774050545,
        "cash": 0
    },
    "NXPI": {
        "holdings": 0,
        "cash": 1234.8718414541636
    },
    "ORLY": {
        "holdings": 0,
        "cash": 1010.2205929229514
    },
    "ODFL": {
        "holdings": 0,
        "cash": 1128.4697432170976
    },
    "PCAR": {
        "holdings": 0,
        "cash": 856.8728898355305
    },
    "PLTR": {
        "holdings": 0,
        "cash": 1043.5565488535287
    },
    "PANW": {
        "holdings": 0,
        "cash": 1513.1981611738347
    },
    "PAYX": {
        "holdings": 0.059682820744010406,
        "cash": 0
    },
    "PYPL": {
        "holdings": 0.14083220059770524,
        "cash": 0
    },
    "PDD": {
        "holdings": 0,
        "cash": 917.794607294991
    },
    "PEP": {
        "holdings": 0,
        "cash": 950.2035799632373
    },
    "QCOM": {
        "holdings": 0,
        "cash": 1106.2384943494121
    },
    "REGN": {
        "holdings": 0.010188114265214656,
        "cash": 0
    },
    "ROP": {
        "holdings": 0,
        "cash": 1083.1108657073714
    },
    "ROST": {
        "holdings": 0,
        "cash": 1005.7389923410059
    },
    "STX": {
        "holdings": 0,
        "cash": 1401.8587873087101
    },
    "SHOP": {
        "holdings": 0,
        "cash": 891.6683262768096
    },
    "SBUX": {
        "holdings": 0.07512848948134454,
        "cash": 0
    },
    "SNPS": {
        "holdings": 0,
        "cash": 841.5829928358099
    },
    "TMUS": {
        "holdings": 0,
        "cash": 914.5504726639655
    },
    "TTWO": {
        "holdings": 0,
        "cash": 1030.7164164847836
    },
    "TSLA": {
        "holdings": 0.015788979226896586,
        "cash": 0
    },
    "TXN": {
        "holdings": 0,
        "cash": 1301.5521911523997
    },
    "TRI": {
        "holdings": 0.06789471907396873,
        "cash": 0
    },
    "VRSK": {
        "holdings": 0,
        "cash": 1006.0597942414337
    },
    "VRTX": {
        "holdings": 0.014188728950437553,
        "cash": 0
    },
    "WMT": {
        "holdings": 0,
        "cash": 910.8335067417397
    },
    "WBD": {
        "holdings": 0.2586000703677649,
        "cash": 0
    },
    "WDC": {
        "holdings": 0.017180807771398188,
        "cash": 0
    },
    "WDAY": {
        "holdings": 0,
        "cash": 1147.4225174346595
    },
    "XEL": {
        "holdings": 0.08184557326381108,
        "cash": 0
    },
    "ZS": {
        "holdings": 0.032917513247764686,
        "cash": 0
    },