{
    "ADBE": {
        "holdings": 0,
        "cash": 958.7420049707458
    },
    "AMD": {
        "holdings": 0.029974975452566423,
        "cash": 0
    },
    "ABNB": {
        "holdings": 0,
        "cash": 1000.8300471594556
    },
    "ALNY": {
        "holdings": 0.01924867778838049,
        "cash": 0
    },
    "GOOGL": {
        "holdings": 0.023598283093194405,
        "cash": 0
    },
    "GOOG": {
        "holdings": 0.023821678583755893,
        "cash": 0
    },
    "AMZN": {
        "holdings": 0,
        "cash": 1161.9428262183706
    },
    "AEP": {
        "holdings": 0.05172574324557393,
        "cash": 0
    },
    "AMGN": {
        "holdings": 0,
        "cash": 1024.1248154645987
    },
    "ADI": {
        "holdings": 0,
        "cash": 1172.7801823210546
    },
    "AAPL": {
        "holdings": 0.02169363360219025,
        "cash": 0
    },
    "AMAT": {
        "holdings": 0,
        "cash": 983.4200011609046
    },
    "APP": {
        "holdings": 0.01480440464074031,
        "cash": 0
    },
    "ARM": {
        "holdings": 0.036552768207735085,
        "cash": 0
    },
    "ASML": {
        "holdings": 0.004561146238075138,
        "cash": 0
    },
    "TEAM": {
        "holdings": 0,
        "cash": 1043.7087429131504
    },
    "ADSK": {
        "holdings": 0,
        "cash": 1068.0376180262224
    },
    "ADP": {
        "holdings": 0.03325637855881332,
        "cash": 0
    },
    "AXON": {
        "holdings": 0.01594495231017717,
        "cash": 0
    },
    "BKR": {
        "holdings": 0.10998319200902362,
        "cash": 0
    },
    "BKNG": {
        "holdings": 0.03546696172311302,
        "cash": 0
    },
    "AVGO": {
        "holdings": 0.016552525132338305,
        "cash": 0
    },
    "CDNS": {
        "holdings": 0.019522766347567586,
        "cash": 0
    },
    "CHTR": {
        "holdings": 0.033377729228953025,
        "cash": 0
    },
    "CTAS": {
        "holdings": 0.037328153805478055,
        "cash": 0
    },
    "CSCO": {
        "holdings": 0,
        "cash": 1092.4644004385593
    },
    "CCEP": {
        "holdings": 0,
        "cash": 1022.3101350555723
    },
    "CTSH": {
        "holdings": 0,
        "cash": 753.7031530457941
    },
    "CMCSA": {
        "holdings": 0.2333983705686158,
        "cash": 0
    },
    "CEG": {
        "holdings": 0.0257011211691348,
        "cash": 0
    },
    "CPRT": {
        "holdings": 0,
        "cash": 873.9183992374943
    },
    "CSGP": {
        "holdings": 0,
        "cash": 889.4206857303308
    },
    "COST": {
        "holdings": 0.0065328787751931,
        "cash": 0
    },
    "CRWD": {
        "holdings": 0,
        "cash": 1240.4849081756263
    },
    "CSX": {
        "holdings": 0.1825361981734966,
        "cash": 0
    },
    "DDOG": {
        "holdings": 0.06226327862741777,
        "cash": 0
    },
    "DXCM": {
        "holdings": 0,
        "cash": 851.5980454321233
    },
    "FANG": {
        "holdings": 0.037410850776024365,
        "cash": 0
    },
    "DASH": {
        "holdings": 0.03268879601770011,
        "cash": 0
    },
    "EA": {
        "holdings": 0,
        "cash": 1006.1041568820942
    },
    "EXC": {
        "holdings": 0,
        "cash": 1119.6569350343068
    },
    "FAST": {
        "holdings": 0,
        "cash": 942.3087040853026
    },
    "FER": {
        "holdings": 0.0957090425428512,
        "cash": 0
    },
    "FTNT": {
        "holdings": 0,
        "cash": 994.2679747905092
    },
    "GEHC": {
        "holdings": 0,
        "cash": 780.4711791060917
    },
    "GILD": {
        "holdings": 0,
        "cash": 1033.6564159507916
    },
    "HON": {
        "holdings": 0.027321802724895934,
        "cash": 0
    },
    "IDXX": {
        "holdings": 0,
        "cash": 912.7391401730301
    },
    "INSM": {
        "holdings": 0,
        "cash": 816.005179607877
    },
    "INTC": {
        "holdings": 0.12045330275301058,
        "cash": 0
    },
    "INTU": {
        "holdings": 0.02091888400902567,
        "cash": 0
    },
    "ISRG": {
        "holdings": 0.012985953194096206,
        "cash": 0
    },
    "KDP": {
        "holdings": 0.2580495499386826,
        "cash": 0
    },
    "KLAC": {
        "holdings": 0.003945451523632624,
        "cash": 0
    },
    "KHC": {
        "holdings": 0,
        "cash": 963.7830748963863
    },
    "LRCX": {
        "holdings": 0.026654506745845706,
        "cash": 0
    },
    "LIN": {
        "holdings": 0,
        "cash": 984.1542616021245
    },
    "MAR": {
        "holdings": 0,
        "cash": 937.5110971351442
    },
    "MRVL": {
        "holdings": 0.03864472683714163,
        "cash": 0
    },
    "MELI": {
        "holdings": 0.003153831297032141,
        "cash": 0
    },
    "META": {
        "holdings": 0.010520042714022054,
        "cash": 0
    },
    "MCHP": {
        "holdings": 0.08160824492751581,
        "cash": 0
    },
    "MU": {
        "holdings": 0.013949186417569905,
        "cash": 0
    },
    "MSFT": {
        "holdings": 0.01631022925965749,
        "cash": 0
    },
    "MSTR": {
        "holdings": 0.04474944131730194,
        "cash": 0
    },
    "MDLZ": {
        "holdings": 0.10977648872258478,
        "cash": 0
    },
    "MPWR": {
        "holdings": 0.005617933029122136,
        "cash": 0
    },
    "MNST": {
        "holdings": 0.08308316371931686,
        "cash": 0
    },
    "NFLX": {
        "holdings": 0,
        "cash": 984.9750432432544
    },
    "NVDA": {
        "holdings": 0,
        "cash": 929.3425421723917
    },
    "NXPI": {
        "holdings": 0.02820018206272757,
        "cash": 0
    },
    "ORLY": {
        "holdings": 0.06995294854789963,
        "cash": 0
    },
    "ODFL": {
        "holdings": 0,
        "cash": 1157.98004466475
    },
    "PCAR": {
        "holdings": 0.051599761801614435,
        "cash": 0
    },
    "PLTR": {
        "holdings": 0,
        "cash": 1047.176809167238
    },
    "PANW": {
        "holdings": 0,
        "cash": 1086.3922856847307
    },
    "PAYX": {
        "holdings": 0.0639747829951527,
        "cash": 0
    },
    "PYPL": {
        "holdings": 0.13856734171753074,
        "cash": 0
    },
    "PDD": {
        "holdings": 0.06352569082181686,
        "cash": 0
    },
    "PEP": {
        "holdings": 0,
        "cash": 1000.886695555927
    },
    "QCOM": {
        "holdings": 0,
        "cash": 866.1244165799345
    },
    "REGN": {
        "holdings": 0.008880976773533642,
        "cash": 0
    },
    "ROP": {
        "holdings": 0.02039755106606208,
        "cash": 0
    },
    "ROST": {
        "holdings": 0.028177466362947153,
        "cash": 0
    },
    "STX": {
        "holdings": 0.009229662134713932,
        "cash": 0
    },
    "SHOP": {
        "holdings": 0.04825361012685,
        "cash": 0
    },
    "SBUX": {
        "holdings": 0.07645971778147846,
        "cash": 0
    },
    "SNPS": {
        "holdings": 0,
        "cash": 872.7273992149269
    },
    "TMUS": {
        "holdings": 0.03211944042365268,
        "cash": 0
    },
    "TTWO": {
        "holdings": 0.03060430115446891,
        "cash": 0
    },
    "TSLA": {
        "holdings": 0,
        "cash": 947.8144332237204
    },
    "TXN": {
        "holdings": 0.02883495354411328,
        "cash": 0
    },
    "TRI": {
        "holdings": 0.0654695077612543,
        "cash": 0
    },
    "VRSK": {
        "holdings": 0.03692192745016889,
        "cash": 0
    },
    "VRTX": {
        "holdings": 0,
        "cash": 914.2313698303932
    },
    "WMT": {
        "holdings": 0.05249609643296869,
        "cash": 0
    },
    "WBD": {
        "holdings": 0.2562510354186833,
        "cash": 0
    },
    "WDC": {
        "holdings": 0.020674336637354667,
        "cash": 0
    },
    "WDAY": {
        "holdings": 0.0561839455687144,
        "cash": 0
    },
    "XEL": {
        "holdings": 0.08184557326381108,
        "cash": 0
    },
    "ZS": {
        "holdings": 0.03601056567172967,
        "cash": 0
    },