{
    "ADBE": {
        "holdings": 0.0250909053240778,
        "cash": 0
    },
    "AMD": {
        "holdings": 0.029974975452566423,
        "cash": 0
    },
    "ABNB": {
        "holdings": 0,
        "cash": 951.3272539766349
    },
    "ALNY": {
        "holdings": 0.01888250332365719,
        "cash": 0
    },
    "GOOGL": {
        "holdings": 0,
        "cash": 1355.7213637040186
    },
    "GOOG": {
        "holdings": 0,
        "cash": 1336.090714622257
    },
    "AMZN": {
        "holdings": 0,
        "cash": 1162.118815780489
    },
    "AEP": {
        "holdings": 0,
        "cash": 1004.108944350523
    },
    "AMGN": {
        "holdings": 0,
        "cash": 1024.1248154645987
    },
    "ADI": {
        "holdings": 0.01921762264742966,
        "cash": 0
    },
    "AAPL": {
        "holdings": 0.020892518971101372,
        "cash": 0
    },
    "AMAT": {
        "holdings": 0.014326765074884578,
        "cash": 0
    },
    "APP": {
        "holdings": 0,
        "cash": 1036.7641344397084
    },
    "ARM": {
        "holdings": 0.036552768207735085,
        "cash": 0
    },
    "ASML": {
        "holdings": 0.0040410113210368834,
        "cash": 0
    },
    "TEAM": {
        "holdings": 0,
        "cash": 1043.7087429131504
    },
    "ADSK": {
        "holdings": 0.02828511207112284,
        "cash": 0
    },
    "ADP": {
        "holdings": 0,
        "cash": 1054.4785291654186
    },
    "AXON": {
        "holdings": 0.01594495231017717,
        "cash": 0
    },
    "BKR": {
        "holdings": 0.11450459814555045,
        "cash": 0
    },
    "BKNG": {
        "holdings": 0,
        "cash": 892.3842531391226
    },
    "AVGO": {
        "holdings": 0.016552525132338305,
        "cash": 0
    },
    "CDNS": {
        "holdings": 0.019522766347567586,
        "cash": 0
    },
    "CHTR": {
        "holdings": 0,
        "cash": 704.3219794272122
    },
    "CTAS": {
        "holdings": 0.03627650116458963,
        "cash": 0
    },
    "CSCO": {
        "holdings": 0.07291898320887706,
        "cash": 0
    },
    "CCEP": {
        "holdings": 0,
        "cash": 1003.6642501220788
    },
    "CTSH": {
        "holdings": 0,
        "cash": 851.4143056188246
    },
    "CMCSA": {
        "holdings": 0.23664150378700874,
        "cash": 0
    },
    "CEG": {
        "holdings": 0,
        "cash": 1221.8184215839888
    },
    "CPRT": {
        "holdings": 0,
        "cash": 886.3069599239458
    },
    "CSGP": {
        "holdings": 0.17034035874410655,
        "cash": 0
    },
    "COST": {
        "holdings": 0.006385137976454812,
        "cash": 0
    },
    "CRWD": {
        "holdings": 0,
        "cash": 1756.3136271949286
    },
    "CSX": {
        "holdings": 0.17899394994141438,
        "cash": 0
    },
    "DDOG": {
        "holdings": 0.048791165842731445,
        "cash": 0
    },
    "DXCM": {
        "holdings": 0,
        "cash": 975.5246447623202
    },
    "FANG": {
        "holdings": 0,
        "cash": 1145.0526322524943
    },
    "DASH": {
        "holdings": 0,
        "cash": 768.3729056247648
    },
    "EA": {
        "holdings": 0.033466525831552074,
        "cash": 0
    },
    "EXC": {
        "holdings": 0,
        "cash": 1119.6569350343068
    },
    "FAST": {
        "holdings": 0.1401936306450956,
        "cash": 0
    },
    "FER": {
        "holdings": 0.09617681743707397,
        "cash": 0
    },
    "FTNT": {
        "holdings": 0.048263094087773344,
        "cash": 0
    },
    "GEHC": {
        "holdings": 0.08449263710792555,
        "cash": 0
    },
    "GILD": {
        "holdings": 0,
        "cash": 1072.3124997296322
    },
    "HON": {
        "holdings": 0,
        "cash": 886.5606072785578
    },
    "IDXX": {
        "holdings": 0,
        "cash": 912.7391401730301
    },
    "INSM": {
        "holdings": 0,
        "cash": 813.8578233638041
    },
    "INTC": {
        "holdings": 0.12045330275301058,
        "cash": 0
    },
    "INTU": {
        "holdings": 0,
        "cash": 935.638985391868
    },
    "ISRG": {
        "holdings": 0.013975546312000708,
        "cash": 0
    },
    "KDP": {
        "holdings": 0.25720171935006586,
        "cash": 0
    },
    "KLAC": {
        "holdings": 0.003945451523632624,
        "cash": 0
    },
    "KHC": {
        "holdings": 0,
        "cash": 963.7830748963863
    },
    "LRCX": {
        "holdings": 0,
        "cash": 1138.0408785876598
    },
    "LIN": {
        "holdings": 0.012469043527345007,
        "cash": 0
    },
    "MAR": {
        "holdings": 0,
        "cash": 989.7585682230614
    },
    "MRVL": {
        "holdings": 0.03345674123516381,
        "cash": 0
    },
    "MELI": {
        "holdings": 0,
        "cash": 800.7938144476273
    },
    "META": {
        "holdings": 0,
        "cash": 970.3950593109528
    },
    "MCHP": {
        "holdings": 0,
        "cash": 1171.0402306725268
    },
    "MU": {
        "holdings": 0.01524596509019776,
        "cash": 0
    },
    "MSFT": {
        "holdings": 0.016026564889252994,
        "cash": 0
    },
    "MSTR": {
        "holdings": 0.04584734119266363,
        "cash": 0
    },
    "MDLZ": {
        "holdings": 0,
        "cash": 1004.6367535740061
    },
    "MPWR": {
        "holdings": 0.00540998728164003,
        "cash": 0
    },
    "MNST": {
        "holdings": 0.08308316371931686,
        "cash": 0
    },
    "NFLX": {
        "holdings": 0,
        "cash": 984.9750432432544
    },
    "NVDA": {
        "holdings": 0.028306954774050545,
        "cash": 0
    },
    "NXPI": {
        "holdings": 0,
        "cash": 1234.8718414541636
    },
    "ORLY": {
        "holdings": 0,
        "cash": 985.1317578767338
    },
    "ODFL": {
        "holdings": 0,
        "cash": 1128.4697432170976
    },
    "PCAR": {
        "holdings": 0.05100155034473393,
        "cash": 0
    },
    "PLTR": {
        "holdings": 0,
        "cash": 1043.5565488535287
    },
    "PANW": {
        "holdings": 0.036435828797154686,
        "cash": 0
    },
    "PAYX": {
        "holdings": 0,
        "cash": 892.9280629401754
    },
    "PYPL": {
        "holdings": 0,
        "cash": 903.8258521625296
    },
    "PDD": {
        "holdings": 0.07157967331553264,
        "cash": 0
    },
    "PEP": {
        "holdings": 0,
        "cash": 950.2035799632373
    },
    "QCOM": {
        "holdings": 0,
        "cash": 1106.2384943494121
    },
    "REGN": {
        "holdings": 0,
        "cash": 938.111351040707
    },
    "ROP": {
        "holdings": 0.021808992070381842,
        "cash": 0
    },
    "ROST": {
        "holdings": 0,
        "cash": 993.7967774199342
    },
    "STX": {
        "holdings": 0.009229662134713932,
        "cash": 0
    },
    "SHOP": {
        "holdings": 0.05190304349838707,
        "cash": 0
    },
    "SBUX": {
        "holdings": 0.07512848948134454,
        "cash": 0
    },
    "SNPS": {
        "holdings": 0,
        "cash": 872.7273992149269
    },
    "TMUS": {
        "holdings": 0,
        "cash": 914.5504726639655
    },
    "TTWO": {
        "holdings": 0,
        "cash": 1030.7164164847836
    },
    "TSLA": {
        "holdings": 0,
        "cash": 947.8144332237204
    },
    "TXN": {
        "holdings": 0,
        "cash": 1301.5521911523997
    },
    "TRI": {
        "holdings": 0.06790729864686018,
        "cash": 0
    },
    "VRSK": {
        "holdings": 0.036777241182865954,
        "cash": 0
    },
    "VRTX": {
        "holdings": 0.014422085808322977,
        "cash": 0
    },
    "WMT": {
        "holdings": 0.05249609643296869,
        "cash": 0
    },
    "WBD": {
        "holdings": 0.255919351588081,
        "cash": 0
    },
    "WDC": {
        "holdings": 0,
        "cash": 1647.5793261580866
    },
    "WDAY": {
        "holdings": 0.05293760172708925,
        "cash": 0
    },
    "XEL": {
        "holdings": 0.08184557326381108,
        "cash": 0
    },
    "ZS": {
        "holdings": 0.03402375548698585,
        "cash": 0
    },