{
    "ADBE": {
        "holdings": 0,
        "cash": 926.2578916595961
    },
    "AMD": {
        "holdings": 0,
        "cash": 952.4398657504447
    },
    "ABNB": {
        "holdings": 0.05367105761680633,
        "cash": 0
    },
    "ALNY": {
        "holdings": 0,
        "cash": 943.7832359055731
    },
    "GOOGL": {
        "holdings": 0.02238696631785993,
        "cash": 0
    },
    "GOOG": {
        "holdings": 0,
        "cash": 1022.0572044348751
    },
    "AMZN": {
        "holdings": 0.03146107693298494,
        "cash": 0
    },
    "AEP": {
        "holdings": 0.0541119518670712,
        "cash": 0
    },
    "AMGN": {
        "holdings": 0,
        "cash": 1058.0879174477216
    },
    "ADI": {
        "holdings": 0,
        "cash": 976.3848626898797
    },
    "AAPL": {
        "holdings": 0.023822285228754608,
        "cash": 0
    },
    "AMAT": {
        "holdings": 0.0,
        "cash": 1000.0
    },
    "APP": {
        "holdings": 0.014587892049598834,
        "cash": 0
    },
    "ARM": {
        "holdings": 0,
        "cash": 910.0853084595678
    },
    "ASML": {
        "holdings": 0.004682996756528849,
        "cash": 0
    },
    "TEAM": {
        "holdings": 0,
        "cash": 1082.3593783486122
    },
    "ADSK": {
        "holdings": 0.029313049647635994,
        "cash": 0
    },
    "ADP": {
        "holdings": 0.031401365472584895,
        "cash": 0
    },
    "AXON": {
        "holdings": 0.015194598984194063,
        "cash": 0
    },
    "BKR": {
        "holdings": 0.10685352990756704,
        "cash": 0
    },
    "BKNG": {
        "holdings": 0,
        "cash": 943.0519808342852
    },
    "AVGO": {
        "holdings": 0.021442110649610185,
        "cash": 0
    },
    "CDNS": {
        "holdings": 0.0,
        "cash": 1000.0
    },
    "CHTR": {
        "holdings": 0.03473850523396624,
        "cash": 0
    },
    "CTAS": {
        "holdings": 0,
        "cash": 967.6017251987212
    },
    "CSCO": {
        "holdings": 0.0,
        "cash": 1000.0
    },
    "CCEP": {
        "holdings": 0,
        "cash": 991.2665471980552
    },
    "CTSH": {
        "holdings": 0,
        "cash": 779.6127488744803
    },
    "CMCSA": {
        "holdings": 0,
        "cash": 1046.5949741445042
    },
    "CEG": {
        "holdings": 0,
        "cash": 1096.0520845111373
    },
    "CPRT": {
        "holdings": 0.17846785566491147,
        "cash": 0
    },
    "CSGP": {
        "holdings": 0,
        "cash": 920.4145533163996
    },
    "COST": {
        "holdings": 0.006592892186998228,
        "cash": 0
    },
    "CRWD": {
        "holdings": 0.01715351609831215,
        "cash": 0
    },
    "CSX": {
        "holdings": 0,
        "cash": 1142.1876391759233
    },
    "DDOG": {
        "holdings": 0.056943956576057726,
        "cash": 0
    },
    "DXCM": {
        "holdings": 0.09008759539260541,
        "cash": 0
    },
    "FANG": {
        "holdings": 0,
        "cash": 997.3940439729588
    },
    "DASH": {
        "holdings": 0,
        "cash": 855.0087079953645
    },
    "EA": {
        "holdings": 0.0332894149085641,
        "cash": 0
    },
    "EXC": {
        "holdings": 0,
        "cash": 1091.0424159565896
    },
    "FAST": {
        "holdings": 0,
        "cash": 954.6530063704973
    },
    "FER": {
        "holdings": 0,
        "cash": 916.1164952239526
    },
    "FTNT": {
        "holdings": 0.08046670838200506,
        "cash": 0
    },
    "GEHC": {
        "holdings": 0.08274378418664596,
        "cash": 0
    },
    "GILD": {
        "holdings": 0,
        "cash": 1055.9666620272467
    },
    "HON": {
        "holdings": 0.028888453333453506,
        "cash": 0
    },
    "IDXX": {
        "holdings": 0,
        "cash": 990.1281640844388
    },
    "INSM": {
        "holdings": 0.04452455821251726,
        "cash": 0
    },
    "INTC": {
        "holdings": 0.13390719858285774,
        "cash": 0
    },
    "INTU": {
        "holdings": 0,
        "cash": 1216.063487881124
    },
    "ISRG": {
        "holdings": 0.013293452974410104,
        "cash": 0
    },
    "KDP": {
        "holdings": 0.2529117170902528,
        "cash": 0
    },
    "KLAC": {
        "holdings": 0.004359854647495537,
        "cash": 0
    },
    "KHC": {
        "holdings": 0,
        "cash": 990.4584299272303
    },
    "LRCX": {
        "holdings": 0.0282929445678289,
        "cash": 0
    },
    "LIN": {
        "holdings": 0.013528089618658848,
        "cash": 0
    },
    "MAR": {
        "holdings": 0.019497360957393125,
        "cash": 0
    },
    "MRVL": {
        "holdings": 0,
        "cash": 950.4284507509958
    },
    "MELI": {
        "holdings": 0,
        "cash": 850.4000886236197
    },
    "META": {
        "holdings": 0.009849171401407883,
        "cash": 0
    },
    "MCHP": {
        "holdings": 0,
        "cash": 832.5935952018392
    },
    "MU": {
        "holdings": 0.01628001628001628,
        "cash": 0
    },
    "MSFT": {
        "holdings": 0,
        "cash": 976.5054638576165
    },
    "MSTR": {
        "holdings": 0,
        "cash": 897.1903935139421
    },
    "MDLZ": {
        "holdings": 0,
        "cash": 954.6044224512498
    },
    "MPWR": {
        "holdings": 0,
        "cash": 946.7941201435802
    },
    "MNST": {
        "holdings": 0.08568744469558509,
        "cash": 0
    },
    "NFLX": {
        "holdings": 0.0,
        "cash": 1000.0
    },
    "NVDA": {
        "holdings": 0.03593890386343217,
        "cash": 0
    },
    "NXPI": {
        "holdings": 0.028384496978170234,
        "cash": 0
    },
    "ORLY": {
        "holdings": 0,
        "cash": 1008.7873135162215
    },
    "ODFL": {
        "holdings": 0,
        "cash": 1086.9066027548088
    },
    "PCAR": {
        "holdings": 0,
        "cash": 976.0868988443387
    },
    "PLTR": {
        "holdings": 0,
        "cash": 1153.787817776704
    },
    "PANW": {
        "holdings": 0.04033945698613598,
        "cash": 0
    },
    "PAYX": {
        "holdings": 0,
        "cash": 919.8379810871724
    },
    "PYPL": {
        "holdings": 0.14423769992633612,
        "cash": 0
    },
    "PDD": {
        "holdings": 0,
        "cash": 997.3422580820128
    },
    "PEP": {
        "holdings": 0,
        "cash": 987.2403923057307
    },
    "QCOM": {
        "holdings": 0.043632381861494075,
        "cash": 0
    },
    "REGN": {
        "holdings": 0,
        "cash": 1023.1949934860945
    },
    "ROP": {
        "holdings": 0,
        "cash": 1105.5651793481795
    },
    "ROST": {
        "holdings": 0.03100999823571828,
        "cash": 0
    },
    "STX": {
        "holdings": 0.014160133935025297,
        "cash": 0
    },
    "SHOP": {
        "holdings": 0.05073542346189354,
        "cash": 0
    },
    "SBUX": {
        "holdings": 0.06861533980434116,
        "cash": 0
    },
    "SNPS": {
        "holdings": 0,
        "cash": 862.1812024386998
    },
    "TMUS": {
        "holdings": 0.0,
        "cash": 1000.0
    },
    "TTWO": {
        "holdings": 0,
        "cash": 1044.6131280435848
    },
    "TSLA": {
        "holdings": 0.016031666407542465,
        "cash": 0
    },
    "TXN": {
        "holdings": 0.02973318807438816,
        "cash": 0
    },
    "TRI": {
        "holdings": 0.06396244519147051,
        "cash": 0
    },
    "VRSK": {
        "holdings": 0.0,
        "cash": 1000.0
    },
    "VRTX": {
        "holdings": 0.013513519411808013,
        "cash": 0
    },
    "WMT": {
        "holdings": 0,
        "cash": 1043.7400922752618
    },
    "WBD": {
        "holdings": 0.25330238836810054,
        "cash": 0
    },
    "WDC": {
        "holdings": 0,
        "cash": 844.4432420969104
    },
    "WDAY": {
        "holdings": 0,
        "cash": 1010.5525678344446
    },
    "XEL": {
        "holdings": 0,
        "cash": 1011.1711720149384
    },
    "ZS": {
        "holdings": 0.035286986429031886,
        "cash": 0
    }
}