{
    "ADBE": {
        "holdings": 0.024690419401200085,
        "cash": 0
    },
    "AMD": {
        "holdings": 0,
        "cash": 2087.998389525775
    },
    "ABNB": {
        "holdings": 0,
        "cash": 913.5927509851117
    },
    "ALNY": {
        "holdings": 0,
        "cash": 823.2866241955012
    },
    "GOOGL": {
        "holdings": 0,
        "cash": 1392.3750443821061
    },
    "GOOG": {
        "holdings": 0,
        "cash": 1336.090714622257
    },
    "AMZN": {
        "holdings": 0,
        "cash": 1195.4922079776318
    },
    "AEP": {
        "holdings": 0,
        "cash": 1063.1877556355173
    },
    "AMGN": {
        "holdings": 0.019590988002476252,
        "cash": 0
    },
    "ADI": {
        "holdings": 0.01921762264742966,
        "cash": 0
    },
    "AAPL": {
        "holdings": 0,
        "cash": 1010.3322145304245
    },
    "AMAT": {
        "holdings": 0,
        "cash": 1377.9805578366158
    },
    "APP": {
        "holdings": 0,
        "cash": 1173.9710626920617
    },
    "ARM": {
        "holdings": 0,
        "cash": 2236.042529729849
    },
    "ASML": {
        "holdings": 0.004038738590183951,
        "cash": 0
    },
    "TEAM": {
        "holdings": 0,
        "cash": 1043.7087429131504
    },
    "ADSK": {
        "holdings": 0,
        "cash": 872.2704130678457
    },
    "ADP": {
        "holdings": 0,
        "cash": 1042.6571801712341
    },
    "AXON": {
        "holdings": 0.01594495231017717,
        "cash": 0
    },
    "BKR": {
        "holdings": 0,
        "cash": 1084.4730385532991
    },
    "BKNG": {
        "holdings": 0,
        "cash": 892.3842531391226
    },
    "AVGO": {
        "holdings": 0,
        "cash": 969.2409572749067
    },
    "CDNS": {
        "holdings": 0.019522766347567586,
        "cash": 0
    },
    "CHTR": {
        "holdings": 0.03562309346649362,
        "cash": 0
    },
    "CTAS": {
        "holdings": 0,
        "cash": 889.901713835204
    },
    "CSCO": {
        "holdings": 0.07679009699724558,
        "cash": 0
    },
    "CCEP": {
        "holdings": 0,
        "cash": 1003.6642501220788
    },
    "CTSH": {
        "holdings": 0,
        "cash": 803.5461318086614
    },
    "CMCSA": {
        "holdings": 0,
        "cash": 843.9227493396844
    },
    "CEG": {
        "holdings": 0,
        "cash": 1312.280350125095
    },
    "CPRT": {
        "holdings": 0,
        "cash": 900.7254883495714
    },
    "CSGP": {
        "holdings": 0.17034035874410655,
        "cash": 0
    },
    "COST": {
        "holdings": 0,
        "cash": 865.5148931909056
    },
    "CRWD": {
        "holdings": 0,
        "cash": 1756.3136271949286
    },
    "CSX": {
        "holdings": 0,
        "cash": 1304.4631341044642
    },
    "DDOG": {
        "holdings": 0,
        "cash": 1945.1573997182452
    },
    "DXCM": {
        "holdings": 0.08779612419414524,
        "cash": 0
    },
    "FANG": {
        "holdings": 0,
        "cash": 1145.0526322524943
    },
    "DASH": {
        "holdings": 0,
        "cash": 768.3729056247648
    },
    "EA": {
        "holdings": 0.03332401979353811,
        "cash": 0
    },
    "EXC": {
        "holdings": 0.16153182662871282,
        "cash": 0
    },
    "FAST": {
        "holdings": 0.13657084973644557,
        "cash": 0
    },
    "FER": {
        "holdings": 0,
        "cash": 952.1504926270323
    },
    "FTNT": {
        "holdings": 0,
        "cash": 1045.0528111257506
    },
    "GEHC": {
        "holdings": 0.08315056916692475,
        "cash": 0
    },
    "GILD": {
        "holdings": 0.05636218199412214,
        "cash": 0
    },
    "HON": {
        "holdings": 0,
        "cash": 886.5606072785578
    },
    "IDXX": {
        "holdings": 0.010715825471904717,
        "cash": 0
    },
    "INSM": {
        "holdings": 0.05602766447340764,
        "cash": 0
    },
    "INTC": {
        "holdings": 0.09272071969647602,
        "cash": 0
    },
    "INTU": {
        "holdings": 0.020426413177907037,
        "cash": 0
    },
    "ISRG": {
        "holdings": 0.013718426043267486,
        "cash": 0
    },
    "KDP": {
        "holdings": 0,
        "cash": 1191.7441430610095
    },
    "KLAC": {
        "holdings": 0.0038292589248681984,
        "cash": 0
    },
    "KHC": {
        "holdings": 0.2757605454805941,
        "cash": 0
    },
    "LRCX": {
        "holdings": 0,
        "cash": 1276.2460054509834
    },
    "LIN": {
        "holdings": 0.012469043527345007,
        "cash": 0
    },
    "MAR": {
        "holdings": 0.017698595368252842,
        "cash": 0
    },
    "MRVL": {
        "holdings": 0,
        "cash": 1063.2149925396766
    },
    "MELI": {
        "holdings": 0,
        "cash": 859.4074584170098
    },
    "META": {
        "holdings": 0.011438144394755252,
        "cash": 0
    },
    "MCHP": {
        "holdings": 0,
        "cash": 1087.7231374410417
    },
    "MU": {
        "holdings": 0,
        "cash": 2207.228996337099
    },
    "MSFT": {
        "holdings": 0,
        "cash": 920.7982694950344
    },
    "MSTR": {
        "holdings": 0,
        "cash": 804.7583568688527
    },
    "MDLZ": {
        "holdings": 0.11152407498335849,
        "cash": 0
    },
    "MPWR": {
        "holdings": 0,
        "cash": 1187.5270754435303
    },
    "MNST": {
        "holdings": 0,
        "cash": 1102.3058366135824
    },
    "NFLX": {
        "holdings": 0,
        "cash": 973.996670855738
    },
    "NVDA": {
        "holdings": 0.028306954774050545,
        "cash": 0
    },
    "NXPI": {
        "holdings": 0,
        "cash": 1180.5328451903658
    },
    "ORLY": {
        "holdings": 0.08008090457804327,
        "cash": 0
    },
    "ODFL": {
        "holdings": 0,
        "cash": 1128.4697432170976
    },
    "PCAR": {
        "holdings": 0.04585395607863035,
        "cash": 0
    },
    "PLTR": {
        "holdings": 0,
        "cash": 1043.5565488535287
    },
    "PANW": {
        "holdings": 0,
        "cash": 1513.1981611738347
    },
    "PAYX": {
        "holdings": 0,
        "cash": 950.6578320774715
    },
    "PYPL": {
        "holdings": 0,
        "cash": 891.163534774491
    },
    "PDD": {
        "holdings": 0,
        "cash": 917.794607294991
    },
    "PEP": {
        "holdings": 0.04410115956561863,
        "cash": 0
    },
    "QCOM": {
        "holdings": 0,
        "cash": 1106.2384943494121
    },
    "REGN": {
        "holdings": 0.010188114265214656,
        "cash": 0
    },
    "ROP": {
        "holdings": 0,
        "cash": 1083.1108657073714
    },
    "ROST": {
        "holdings": 0,
        "cash": 1005.7389923410059
    },
    "STX": {
        "holdings": 0.009786185179014285,
        "cash": 0
    },
    "SHOP": {
        "holdings": 0,
        "cash": 850.9775848141245
    },
    "SBUX": {
        "holdings": 0.07512848948134454,
        "cash": 0
    },
    "SNPS": {
        "holdings": 0,
        "cash": 809.6290696266617
    },
    "TMUS": {
        "holdings": 0,
        "cash": 938.7066055599414
    },
    "TTWO": {
        "holdings": 0,
        "cash": 1030.7164164847836
    },
    "TSLA": {
        "holdings": 0.015788979226896586,
        "cash": 0
    },
    "TXN": {
        "holdings": 0.02823098671240092,
        "cash": 0
    },
    "TRI": {
        "holdings": 0,
        "cash": 891.6783223861734
    },
    "VRSK": {
        "holdings": 0,
        "cash": 1006.0597942414337
    },
    "VRTX": {
        "holdings": 0,
        "cash": 1088.4599925532884
    },
    "WMT": {
        "holdings": 0.055186980329411835,
        "cash": 0
    },
    "WBD": {
        "holdings": 0,
        "cash": 1032.0082130635
    },
    "WDC": {
        "holdings": 0.017180807771398188,
        "cash": 0
    },
    "WDAY": {
        "holdings": 0,
        "cash": 1147.4225174346595
    },
    "XEL": {
        "holdings": 0.08184557326381108,
        "cash": 0
    },
    "ZS": {
        "holdings": 0.032917513247764686,
        "cash": 0
    },