{
    "ADBE": {
        "holdings": 0.025701543129304782,
        "cash": 0
    },
    "AMD": {
        "holdings": 0,
        "cash": 952.4398657504447
    },
    "ABNB": {
        "holdings": 0,
        "cash": 998.5484526931999
    },
    "ALNY": {
        "holdings": 0.01972873439877801,
        "cash": 0
    },
    "GOOGL": {
        "holdings": 0,
        "cash": 1015.4636193540217
    },
    "GOOG": {
        "holdings": 0,
        "cash": 1022.0572044348751
    },
    "AMZN": {
        "holdings": 0,
        "cash": 934.3135599904435
    },
    "AEP": {
        "holdings": 0,
        "cash": 1045.9299225927164
    },
    "AMGN": {
        "holdings": 0,
        "cash": 1056.9429163915593
    },
    "ADI": {
        "holdings": 0,
        "cash": 976.7901721049844
    },
    "AAPL": {
        "holdings": 0,
        "cash": 882.7790987531906
    },
    "AMAT": {
        "holdings": 0.0,
        "cash": 1000.0
    },
    "APP": {
        "holdings": 0.014587892049598834,
        "cash": 0
    },
    "ARM": {
        "holdings": 0,
        "cash": 910.0853084595678
    },
    "ASML": {
        "holdings": 0,
        "cash": 923.2980145565995
    },
    "TEAM": {
        "holdings": 0,
        "cash": 1043.7087429131504
    },
    "ADSK": {
        "holdings": 0.029313049647635994,
        "cash": 0
    },
    "ADP": {
        "holdings": 0,
        "cash": 972.8987204593794
    },
    "AXON": {
        "holdings": 0.014939634870509746,
        "cash": 0
    },
    "BKR": {
        "holdings": 0,
        "cash": 1002.6333893965449
    },
    "BKNG": {
        "holdings": 0,
        "cash": 916.3244523022239
    },
    "AVGO": {
        "holdings": 0,
        "cash": 1025.3295955815588
    },
    "CDNS": {
        "holdings": 0.0,
        "cash": 1000.0
    },
    "CHTR": {
        "holdings": 0,
        "cash": 1099.963051461035
    },
    "CTAS": {
        "holdings": 0,
        "cash": 967.6017251987212
    },
    "CSCO": {
        "holdings": 0,
        "cash": 1014.9235161319518
    },
    "CCEP": {
        "holdings": 0.07087563062412823,
        "cash": 0
    },
    "CTSH": {
        "holdings": 0.08252150010575991,
        "cash": 0
    },
    "CMCSA": {
        "holdings": 0.23281414690964466,
        "cash": 0
    },
    "CEG": {
        "holdings": 0,
        "cash": 1081.9093403696356
    },
    "CPRT": {
        "holdings": 0,
        "cash": 868.4245489022138
    },
    "CSGP": {
        "holdings": 0,
        "cash": 920.4145533163996
    },
    "COST": {
        "holdings": 0,
        "cash": 992.0192967644709
    },
    "CRWD": {
        "holdings": 0.01888578153275882,
        "cash": 0
    },
    "CSX": {
        "holdings": 0,
        "cash": 1142.1876391759233
    },
    "DDOG": {
        "holdings": 0,
        "cash": 1094.7752395066334
    },
    "DXCM": {
        "holdings": 0,
        "cash": 851.5980454321233
    },
    "FANG": {
        "holdings": 0.0371468917680804,
        "cash": 0
    },
    "DASH": {
        "holdings": 0,
        "cash": 855.0087079953645
    },
    "EA": {
        "holdings": 0.03313504233548477,
        "cash": 0
    },
    "EXC": {
        "holdings": 0.15384129217791476,
        "cash": 0
    },
    "FAST": {
        "holdings": 0,
        "cash": 954.0163745526077
    },
    "FER": {
        "holdings": 0.0933390010996693,
        "cash": 0
    },
    "FTNT": {
        "holdings": 0,
        "cash": 943.7538187261351
    },
    "GEHC": {
        "holdings": 0.08274378418664596,
        "cash": 0
    },
    "GILD": {
        "holdings": 0,
        "cash": 1055.9666620272467
    },
    "HON": {
        "holdings": 0,
        "cash": 966.9254188792054
    },
    "IDXX": {
        "holdings": 0,
        "cash": 960.9452421926464
    },
    "INSM": {
        "holdings": 0,
        "cash": 945.037469441375
    },
    "INTC": {
        "holdings": 0,
        "cash": 895.4064333434361
    },
    "INTU": {
        "holdings": 0.01810394464413619,
        "cash": 0
    },
    "ISRG": {
        "holdings": 0.013293452974410104,
        "cash": 0
    },
    "KDP": {
        "holdings": 0.2575101046978922,
        "cash": 0
    },
    "KLAC": {
        "holdings": 0,
        "cash": 921.8280121947605
    },
    "KHC": {
        "holdings": 0.28916384778858234,
        "cash": 0
    },
    "LRCX": {
        "holdings": 0,
        "cash": 889.4453061497264
    },
    "LIN": {
        "holdings": 0.013528089618658848,
        "cash": 0
    },
    "MAR": {
        "holdings": 0,
        "cash": 937.5110971351442
    },
    "MRVL": {
        "holdings": 0,
        "cash": 950.4284507509958
    },
    "MELI": {
        "holdings": 0.003269455446775798,
        "cash": 0
    },
    "META": {
        "holdings": 0.010716270675549585,
        "cash": 0
    },
    "MCHP": {
        "holdings": 0.08521722247591362,
        "cash": 0
    },
    "MU": {
        "holdings": 0,
        "cash": 1084.8351409874847
    },
    "MSFT": {
        "holdings": 0.016314650407192273,
        "cash": 0
    },
    "MSTR": {
        "holdings": 0,
        "cash": 879.9016225328158
    },
    "MDLZ": {
        "holdings": 0,
        "cash": 953.079492677572
    },
    "MPWR": {
        "holdings": 0.005847494035632524,
        "cash": 0
    },
    "MNST": {
        "holdings": 0.08568744469558509,
        "cash": 0
    },
    "NFLX": {
        "holdings": 0,
        "cash": 984.9750432432544
    },
    "NVDA": {
        "holdings": 0,
        "cash": 925.6268868343249
    },
    "NXPI": {
        "holdings": 0,
        "cash": 814.2802570612586
    },
    "ORLY": {
        "holdings": 0,
        "cash": 1008.7873135162215
    },
    "ODFL": {
        "holdings": 0.03727243697579175,
        "cash": 0
    },
    "PCAR": {
        "holdings": 0,
        "cash": 976.0868988443387
    },
    "PLTR": {
        "holdings": 0.04809163604209083,
        "cash": 0
    },
    "PANW": {
        "holdings": 0.042307324939747926,
        "cash": 0
    },
    "PAYX": {
        "holdings": 0,
        "cash": 880.2610588356685
    },
    "PYPL": {
        "holdings": 0.13856734171753074,
        "cash": 0
    },
    "PDD": {
        "holdings": 0,
        "cash": 997.3422580820128
    },
    "PEP": {
        "holdings": 0.043674987859493496,
        "cash": 0
    },
    "QCOM": {
        "holdings": 0,
        "cash": 866.1244165799345
    },
    "REGN": {
        "holdings": 0.008681695330633952,
        "cash": 0
    },
    "ROP": {
        "holdings": 0.02039755106606208,
        "cash": 0
    },
    "ROST": {
        "holdings": 0,
        "cash": 973.2798301777051
    },
    "STX": {
        "holdings": 0,
        "cash": 736.2639895993292
    },
    "SHOP": {
        "holdings": 0.05073542346189354,
        "cash": 0
    },
    "SBUX": {
        "holdings": 0,
        "cash": 1027.2745347530058
    },
    "SNPS": {
        "holdings": 0,
        "cash": 850.2841974898222
    },
    "TMUS": {
        "holdings": 0.03066261945916475,
        "cash": 0
    },
    "TTWO": {
        "holdings": 0.032208718717638384,
        "cash": 0
    },
    "TSLA": {
        "holdings": 0,
        "cash": 949.8882701386399
    },
    "TXN": {
        "holdings": 0,
        "cash": 851.1645471528005
    },
    "TRI": {
        "holdings": 0.06396244519147051,
        "cash": 0
    },
    "VRSK": {
        "holdings": 0.03551672359091981,
        "cash": 0
    },
    "VRTX": {
        "holdings": 0.014117145736244691,
        "cash": 0
    },
    "WMT": {
        "holdings": 0.055189301878017516,
        "cash": 0
    },
    "WBD": {
        "holdings": 0.25330238836810054,
        "cash": 0
    },
    "WDC": {
        "holdings": 0.020674336637354667,
        "cash": 0
    },
    "WDAY": {
        "holdings": 0,
        "cash": 1010.5525678344446
    },
    "XEL": {
        "holdings": 0.08417605757254466,
        "cash": 0
    },
    "ZS": {
        "holdings": 0.035286986429031886,
        "cash": 0
    }
}