{
    "ADBE": {
        "holdings": 0.022634163350510998,
        "cash": 0
    },
    "AMD": {
        "holdings": 0.0,
        "cash": 1000.0
    },
    "ABNB": {
        "holdings": 0.05512831100506774,
        "cash": 0
    },
    "ALNY": {
        "holdings": 0.0,
        "cash": 1000.0
    },
    "GOOGL": {
        "holdings": 0.0,
        "cash": 1000.0
    },
    "GOOG": {
        "holdings": 0.0,
        "cash": 1000.0
    },
    "AMZN": {
        "holdings": 0.0,
        "cash": 1000.0
    },
    "AEP": {
        "holdings": 0.05506001458414907,
        "cash": 0
    },
    "AMGN": {
        "holdings": 0.019274786170340924,
        "cash": 0
    },
    "ADI": {
        "holdings": 0.02126053675718291,
        "cash": 0
    },
    "AAPL": {
        "holdings": 0.023822285228754608,
        "cash": 0
    },
    "AMAT": {
        "holdings": 0.0,
        "cash": 1000.0
    },
    "APP": {
        "holdings": 0.0,
        "cash": 1000.0
    },
    "ARM": {
        "holdings": 0.0,
        "cash": 1000.0
    },
    "ASML": {
        "holdings": 0.0046481489677273665,
        "cash": 0
    },
    "TEAM": {
        "holdings": 0.0,
        "cash": 1000.0
    },
    "ADSK": {
        "holdings": 0.0,
        "cash": 1000.0
    },
    "ADP": {
        "holdings": 0.0,
        "cash": 1000.0
    },
    "AXON": {
        "holdings": 0.015463598863825664,
        "cash": 0
    },
    "BKR": {
        "holdings": 0.0,
        "cash": 1000.0
    },
    "BKNG": {
        "holdings": 0.0,
        "cash": 1000.0
    },
    "AVGO": {
        "holdings": 0,
        "cash": 1036.2684577780444
    },
    "CDNS": {
        "holdings": 0.0,
        "cash": 1000.0
    },
    "CHTR": {
        "holdings": 0.03473850523396624,
        "cash": 0
    },
    "CTAS": {
        "holdings": 0.0,
        "cash": 1000.0
    },
    "CSCO": {
        "holdings": 0.0,
        "cash": 1000.0
    },
    "CCEP": {
        "holdings": 0.0,
        "cash": 1000.0
    },
    "CTSH": {
        "holdings": 0.08041817302724093,
        "cash": 0
    },
    "CMCSA": {
        "holdings": 0.22757011945056987,
        "cash": 0
    },
    "CEG": {
        "holdings": 0.025232273176367486,
        "cash": 0
    },
    "CPRT": {
        "holdings": 0.0,
        "cash": 1000.0
    },
    "CSGP": {
        "holdings": 0,
        "cash": 920.4145533163996
    },
    "COST": {
        "holdings": 0.0,
        "cash": 1000.0
    },
    "CRWD": {
        "holdings": 0.016334664413073196,
        "cash": 0
    },
    "CSX": {
        "holdings": 0.1785156365979936,
        "cash": 0
    },
    "DDOG": {
        "holdings": 0.05822162199534629,
        "cash": 0
    },
    "DXCM": {
        "holdings": 0.09008759539260541,
        "cash": 0
    },
    "FANG": {
        "holdings": 0.0,
        "cash": 1000.0
    },
    "DASH": {
        "holdings": 0,
        "cash": 849.2074868848077
    },
    "EA": {
        "holdings": 0.03333333333333333,
        "cash": 0
    },
    "EXC": {
        "holdings": 0.15042118033780613,
        "cash": 0
    },
    "FAST": {
        "holdings": 0.0,
        "cash": 1000.0
    },
    "FER": {
        "holdings": 0.0,
        "cash": 1000.0
    },
    "FTNT": {
        "holdings": 0.0,
        "cash": 1000.0
    },
    "GEHC": {
        "holdings": 0.0,
        "cash": 1000.0
    },
    "GILD": {
        "holdings": 0.046951661446253165,
        "cash": 0
    },
    "HON": {
        "holdings": 0.029525961578900976,
        "cash": 0
    },
    "IDXX": {
        "holdings": 0.0,
        "cash": 1000.0
    },
    "INSM": {
        "holdings": 0.0,
        "cash": 1000.0
    },
    "INTC": {
        "holdings": 0.0,
        "cash": 1000.0
    },
    "INTU": {
        "holdings": 0.0,
        "cash": 1000.0
    },
    "ISRG": {
        "holdings": 0.0,
        "cash": 1000.0
    },
    "KDP": {
        "holdings": 0.23398380355871493,
        "cash": 0
    },
    "KLAC": {
        "holdings": 0.0,
        "cash": 1000.0
    },
    "KHC": {
        "holdings": 0.0,
        "cash": 1000.0
    },
    "LRCX": {
        "holdings": 0.0282929445678289,
        "cash": 0
    },
    "LIN": {
        "holdings": 0.0,
        "cash": 1000.0
    },
    "MAR": {
        "holdings": 0.0,
        "cash": 1000.0
    },
    "MRVL": {
        "holdings": 0.0,
        "cash": 1000.0
    },
    "MELI": {
        "holdings": 0.003242250321197296,
        "cash": 0
    },
    "META": {
        "holdings": 0,
        "cash": 988.3571409259276
    },
    "MCHP": {
        "holdings": 0.08916240544081244,
        "cash": 0
    },
    "MU": {
        "holdings": 0.01628001628001628,
        "cash": 0
    },
    "MSFT": {
        "holdings": 0.016105977805817094,
        "cash": 0
    },
    "MSTR": {
        "holdings": 0.0,
        "cash": 1000.0
    },
    "MDLZ": {
        "holdings": 0.0,
        "cash": 1000.0
    },
    "MPWR": {
        "holdings": 0.0,
        "cash": 1000.0
    },
    "MNST": {
        "holdings": 0.0,
        "cash": 1000.0
    },
    "NFLX": {
        "holdings": 0.0,
        "cash": 1000.0
    },
    "NVDA": {
        "holdings": 0.0,
        "cash": 1000.0
    },
    "NXPI": {
        "holdings": 0.0,
        "cash": 1000.0
    },
    "ORLY": {
        "holdings": 0.0,
        "cash": 1000.0
    },
    "ODFL": {
        "holdings": 0.03831858162076854,
        "cash": 0
    },
    "PCAR": {
        "holdings": 0.05349595987590776,
        "cash": 0
    },
    "PLTR": {
        "holdings": 0.0,
        "cash": 1000.0
    },
    "PANW": {
        "holdings": 0.04015338622948883,
        "cash": 0
    },
    "PAYX": {
        "holdings": 0,
        "cash": 919.8379810871724
    },
    "PYPL": {
        "holdings": 0.0,
        "cash": 1000.0
    },
    "PDD": {
        "holdings": 0.06327812115463163,
        "cash": 0
    },
    "PEP": {
        "holdings": 0.03956478733926805,
        "cash": 0
    },
    "QCOM": {
        "holdings": 0.043543103443407304,
        "cash": 0
    },
    "REGN": {
        "holdings": 0.00884578010828954,
        "cash": 0
    },
    "ROP": {
        "holdings": 0.0,
        "cash": 1000.0
    },
    "ROST": {
        "holdings": 0,
        "cash": 1009.6491494799576
    },
    "STX": {
        "holdings": 0.0,
        "cash": 1000.0
    },
    "SHOP": {
        "holdings": 0,
        "cash": 945.8858742792623
    },
    "SBUX": {
        "holdings": 0.0,
        "cash": 1000.0
    },
    "SNPS": {
        "holdings": 0,
        "cash": 931.1402394569074
    },
    "TMUS": {
        "holdings": 0.0,
        "cash": 1000.0
    },
    "TTWO": {
        "holdings": 0.0,
        "cash": 1000.0
    },
    "TSLA": {
        "holdings": 0.015705860596731156,
        "cash": 0
    },
    "TXN": {
        "holdings": 0.0,
        "cash": 1000.0
    },
    "TRI": {
        "holdings": 0.0,
        "cash": 1000.0
    },
    "VRSK": {
        "holdings": 0.0,
        "cash": 1000.0
    },
    "VRTX": {
        "holdings": 0,
        "cash": 966.578127062938
    },
    "WMT": {
        "holdings": 0,
        "cash": 1081.2731651843005
    },
    "WBD": {
        "holdings": 0.2438429637695385,
        "cash": 0
    },
    "WDC": {
        "holdings": 0.023599656260866082,
        "cash": 0
    },
    "WDAY": {
        "holdings": 0.0,
        "cash": 1000.0
    },
    "XEL": {
        "holdings": 0.0,
        "cash": 1000.0
    },
    "ZS": {
        "holdings": 0.0,
        "cash": 1000.0
    }
}