{
    "ADBE": {
        "holdings": 0.022634163350510998,
        "cash": 0
    },
    "AMD": {
        "holdings": 0.03299350067909139,
        "cash": 0
    },
    "ABNB": {
        "holdings": 0.05385708901338343,
        "cash": 0
    },
    "ALNY": {
        "holdings": 0,
        "cash": 967.3921325447089
    },
    "GOOGL": {
        "holdings": 0,
        "cash": 1028.8042142237082
    },
    "GOOG": {
        "holdings": 0,
        "cash": 1022.0572044348751
    },
    "AMZN": {
        "holdings": 0,
        "cash": 1010.6320338268131
    },
    "AEP": {
        "holdings": 0.0541119518670712,
        "cash": 0
    },
    "AMGN": {
        "holdings": 0.01900762503862328,
        "cash": 0
    },
    "ADI": {
        "holdings": 0.02126053675718291,
        "cash": 0
    },
    "AAPL": {
        "holdings": 0.023822285228754608,
        "cash": 0
    },
    "AMAT": {
        "holdings": 0.0,
        "cash": 1000.0
    },
    "APP": {
        "holdings": 0.014587892049598834,
        "cash": 0
    },
    "ARM": {
        "holdings": 0,
        "cash": 910.0853084595678
    },
    "ASML": {
        "holdings": 0,
        "cash": 980.9918396388607
    },
    "TEAM": {
        "holdings": 0.09166322506475054,
        "cash": 0
    },
    "ADSK": {
        "holdings": 0.029313049647635994,
        "cash": 0
    },
    "ADP": {
        "holdings": 0.031401365472584895,
        "cash": 0
    },
    "AXON": {
        "holdings": 0,
        "cash": 1298.4088557040661
    },
    "BKR": {
        "holdings": 0.10685352990756704,
        "cash": 0
    },
    "BKNG": {
        "holdings": 0,
        "cash": 943.0519808342852
    },
    "AVGO": {
        "holdings": 0.021442110649610185,
        "cash": 0
    },
    "CDNS": {
        "holdings": 0.0,
        "cash": 1000.0
    },
    "CHTR": {
        "holdings": 0.03473850523396624,
        "cash": 0
    },
    "CTAS": {
        "holdings": 0.03218901379469872,
        "cash": 0
    },
    "CSCO": {
        "holdings": 0.0,
        "cash": 1000.0
    },
    "CCEP": {
        "holdings": 0.0,
        "cash": 1000.0
    },
    "CTSH": {
        "holdings": 0.08041817302724093,
        "cash": 0
    },
    "CMCSA": {
        "holdings": 0,
        "cash": 1046.5949741445042
    },
    "CEG": {
        "holdings": 0,
        "cash": 1096.0520845111373
    },
    "CPRT": {
        "holdings": 0.17846785566491147,
        "cash": 0
    },
    "CSGP": {
        "holdings": 0,
        "cash": 920.4145533163996
    },
    "COST": {
        "holdings": 0.006592892186998228,
        "cash": 0
    },
    "CRWD": {
        "holdings": 0.01715351609831215,
        "cash": 0
    },
    "CSX": {
        "holdings": 0,
        "cash": 1142.1876391759233
    },
    "DDOG": {
        "holdings": 0.056943956576057726,
        "cash": 0
    },
    "DXCM": {
        "holdings": 0.09008759539260541,
        "cash": 0
    },
    "FANG": {
        "holdings": 0.037288545050341695,
        "cash": 0
    },
    "DASH": {
        "holdings": 0.03263703551390258,
        "cash": 0
    },
    "EA": {
        "holdings": 0.0332894149085641,
        "cash": 0
    },
    "EXC": {
        "holdings": 0,
        "cash": 1091.0424159565896
    },
    "FAST": {
        "holdings": 0.13686781453340463,
        "cash": 0
    },
    "FER": {
        "holdings": 0,
        "cash": 937.9084281536284
    },
    "FTNT": {
        "holdings": 0.08046670838200506,
        "cash": 0
    },
    "GEHC": {
        "holdings": 0.08274378418664596,
        "cash": 0
    },
    "GILD": {
        "holdings": 0.048138522171878494,
        "cash": 0
    },
    "HON": {
        "holdings": 0,
        "cash": 1058.7690658773902
    },
    "IDXX": {
        "holdings": 0,
        "cash": 990.1281640844388
    },
    "INSM": {
        "holdings": 0.04452455821251726,
        "cash": 0
    },
    "INTC": {
        "holdings": 0.1461027067852759,
        "cash": 0
    },
    "INTU": {
        "holdings": 0.017765459929584414,
        "cash": 0
    },
    "ISRG": {
        "holdings": 0,
        "cash": 968.7936313130921
    },
    "KDP": {
        "holdings": 0,
        "cash": 1069.2474916679018
    },
    "KLAC": {
        "holdings": 0.004359854647495537,
        "cash": 0
    },
    "KHC": {
        "holdings": 0.27656779893255995,
        "cash": 0
    },
    "LRCX": {
        "holdings": 0.0282929445678289,
        "cash": 0
    },
    "LIN": {
        "holdings": 0,
        "cash": 992.3056854795921
    },
    "MAR": {
        "holdings": 0,
        "cash": 956.8208209838364
    },
    "MRVL": {
        "holdings": 0,
        "cash": 950.4284507509958
    },
    "MELI": {
        "holdings": 0.003242250321197296,
        "cash": 0
    },
    "META": {
        "holdings": 0.009849171401407883,
        "cash": 0
    },
    "MCHP": {
        "holdings": 0.08879577854828072,
        "cash": 0
    },
    "MU": {
        "holdings": 0.01628001628001628,
        "cash": 0
    },
    "MSFT": {
        "holdings": 0,
        "cash": 976.5054638576165
    },
    "MSTR": {
        "holdings": 0.044611933519380975,
        "cash": 0
    },
    "MDLZ": {
        "holdings": 0,
        "cash": 954.6044224512498
    },
    "MPWR": {
        "holdings": 0,
        "cash": 983.6967242980821
    },
    "MNST": {
        "holdings": 0,
        "cash": 985.9625706223701
    },
    "NFLX": {
        "holdings": 0.0,
        "cash": 1000.0
    },
    "NVDA": {
        "holdings": 0.0,
        "cash": 1000.0
    },
    "NXPI": {
        "holdings": 0.028384496978170234,
        "cash": 0
    },
    "ORLY": {
        "holdings": 0,
        "cash": 1008.7873135162215
    },
    "ODFL": {
        "holdings": 0.03831858162076854,
        "cash": 0
    },
    "PCAR": {
        "holdings": 0,
        "cash": 976.0868988443387
    },
    "PLTR": {
        "holdings": 0.05055484123391581,
        "cash": 0
    },
    "PANW": {
        "holdings": 0.04033945698613598,
        "cash": 0
    },
    "PAYX": {
        "holdings": 0,
        "cash": 919.8379810871724
    },
    "PYPL": {
        "holdings": 0.14423769992633612,
        "cash": 0
    },
    "PDD": {
        "holdings": 0,
        "cash": 997.3422580820128
    },
    "PEP": {
        "holdings": 0,
        "cash": 987.2403923057307
    },
    "QCOM": {
        "holdings": 0,
        "cash": 886.7627487140496
    },
    "REGN": {
        "holdings": 0,
        "cash": 1023.1949934860945
    },
    "ROP": {
        "holdings": 0.020351883620615498,
        "cash": 0
    },
    "ROST": {
        "holdings": 0.03100999823571828,
        "cash": 0
    },
    "STX": {
        "holdings": 0,
        "cash": 828.5862136073071
    },
    "SHOP": {
        "holdings": 0.05073542346189354,
        "cash": 0
    },
    "SBUX": {
        "holdings": 0.06861533980434116,
        "cash": 0
    },
    "SNPS": {
        "holdings": 0,
        "cash": 862.1812024386998
    },
    "TMUS": {
        "holdings": 0.0,
        "cash": 1000.0
    },
    "TTWO": {
        "holdings": 0,
        "cash": 1044.6131280435848
    },
    "TSLA": {
        "holdings": 0.01611765635361552,
        "cash": 0
    },
    "TXN": {
        "holdings": 0.02973318807438816,
        "cash": 0
    },
    "TRI": {
        "holdings": 0.06396244519147051,
        "cash": 0
    },
    "VRSK": {
        "holdings": 0.0,
        "cash": 1000.0
    },
    "VRTX": {
        "holdings": 0.013513519411808013,
        "cash": 0
    },
    "WMT": {
        "holdings": 0.05635593434065938,
        "cash": 0
    },
    "WBD": {
        "holdings": 0,
        "cash": 1057.7907796228194
    },
    "WDC": {
        "holdings": 0,
        "cash": 895.8379409129748
    },
    "WDAY": {
        "holdings": 0,
        "cash": 1010.5525678344446
    },
    "XEL": {
        "holdings": 0,
        "cash": 1011.1711720149384
    },
    "ZS": {
        "holdings": 0.035286986429031886,
        "cash": 0
    }
}